ID,Sequence,Email_Name,Audience,Subject_Line,Proposed_Send_Date,Day_of_Week,Status,CTA_Type,CTA_Description,Notes,Priority,Copy_2026,Reference_2025_Copy,Prep_Notification_Date
42,Pre-Event Engagement,Christmas Email — by Vishen,All Valid Ticket Holders,Dec 23: Christmas Email,2025-12-23,Tuesday,Sent,Reply,Reply to share what you're hoping for at MVU,Sent via Bizzabo by Vishen. Personal newsletter celebrating attendees joining MVU 2026. Asks attendees to reply with their intentions/hopes.,Medium,"Hi Álvaro,

I just want to say this:

You've already given yourself one of the most powerful gifts of 2026.

Mindvalley U 2026 (a.k.a MVU 2026) is one of the biggest events we're creating next year, and you're part of it.

This year in Estonia, we're welcoming our highest attendance ever. And while I know you're excited, trust me, we're even more excited than you are.

When you step into Mindvalley U coming summer, you'll feel something very different from a typical event.

You'll feel presence.
You'll feel a connection.
You'll feel what it means to be in a space where learning, growth, and real human connection actually coexist.

That's what makes Mindvalley U special.

It's not just the talks on stage though those are powerful. It's what happens between the sessions.

The conversations that go deep, fast.
The friendships that form naturally.
The moments with your family that don't feel rushed or distracted.
The kind of transformation that doesn't end when the music fades — it continues over dinner, in workshops, on long walks, and unexpected conversations.

I've seen it happen year after year.

People arrive curious. They leave transformed.

Not because they tried harder. But because they finally showed up & slowed down enough to reconnect with themselves and with others.

So as you start thinking about 2026, forget the pressure of resolutions.

Instead, ask yourself a better question:

What kind of connections do I want to create this year?

In MVU 2026,
Who do I want to meet?
Who do I want to learn from?
What kind of conversations do I want to be part of?
What kind of network or even friendships do I want to build?

And here's something I'd love you to do.

Hit reply to this email and tell us what you're hoping for at Mindvalley U.

Maybe you want to find a business partner.
Maybe you're open to love.
Maybe you want a new best friend from a different country.
Maybe you're looking for opportunity, clarity, or inspiration.
Or maybe you just want a chance to have a real conversation with me.

Whatever it is, tell us your heart's desire.

Once you're inside this tribe, you're part of us.

And if there's a way we can help make something meaningful happen for you while you're there, we'll do our best to make it happen.

💌 Coming Soon 💌

Starting January, we'll begin sharing more details with you:
Speaker previews, behind-the-scenes moments, youth program highlights, and everything you need to start visualizing your summer in Tallinn.

But for now, just know this:

You're part of something special. And we can't wait to co-create it with you.

Hit reply to this email and tell us what you're hoping for at Mindvalley U.

With so much love and excitement,
Vishen",[Vishen newsletter — first MVU 2026 communication after ticket purchase],2025-12-16
43,Pre-Event Engagement,Why We Built Mindvalley U — by Vishen,All Valid Ticket Holders,Jan 15: Why We Built Mindvalley U,2026-01-16,Friday,Sent,Soft,Encourages attendees to start booking flights/accommodation,Sent via Bizzabo by Vishen. Origin story of MVU. Storytelling email building anticipation for Tallinn 2026.,Medium,"Hi Álvaro,

Back in 2016, I had a wild idea.

What if education could be… fluid?

What if instead of being bound to one campus, one curriculum, one way of learning — we could create a global, rotating campus where growth was immersive, cultural, deeply connected… and yes, even fun?

I imagined a space where my family could grow alongside me.
Where my kids could learn the life skills traditional schools forgot.
Where friendships turned into soul tribes.
And where love, business, ideas, and transformation could all happen over lunch — or a late-night walk in a new city.

That idea became Mindvalley University.

Now lovingly called Mindvalley U. Or MVU — because this experience truly is about you.

And what started as a one-time experiment in Barcelona… has now become one of the most beloved events in the Mindvalley world, spanning over a decade and touching thousands of lives from over 80 countries.

So why am I writing to you today?
Because this July, you're coming to Tallinn.

The birthplace of that idea.

And I want you to know what you've stepped into.

You're not just attending an event.
You're becoming part of a living movement.

You'll learn from world-class mentors across every area of life — from AI and social media to relationships, parenting, embodiment, entrepreneurship, and inner healing.

You'll be surrounded by people who will become your collaborators, soul friends, and sometimes, your forever people.

And your kids?
They'll be immersed in our amazing Youth Programs — often cited as the highlight of MVU both for young and adult attendees — where they're not just taught, but seen, empowered, and inspired.

This is where transformation becomes real.
Not through content, but through connection.

Whether you're coming for the first time, or are one of the beautiful souls who returns year after year, just know…

You're part of something extraordinary.

We'll see you in Tallinn.

And oh — if you haven't started looking at flights or accommodation yet, now's a good time to begin.

With love,
Vishen","[Vishen newsletter — origin story of MVU, building emotional connection to Tallinn]",2026-01-09
44,Pre-Event Engagement,The Last Real Thing — by Vishen,All Valid Ticket Holders,Jan 23: The Last Real Thing,2026-01-23,Friday,Sent,Link,Invite a friend link (early-bird offer),"Sent via Bizzabo by Vishen. Personal vulnerable email about turning 50, AI world context, friend-invitation upsell, and Tribe Stage teaser.",Medium,"Hi Álvaro,

In my last newsletter, I shared something raw.

I turned 50 this month. And with it came a decision that now shapes everything I do: I want to live 100 lives before I die.

One week at a time.
One place at a time.
One version of myself at a time.

That's how I've started showing up.

Right now, I'm in Sevilla, Spain, leading the first-ever in-person Manifesting Coaching Certification with Regan Hillyer and 50 incredible humans.

We're not just ""doing a program.""

We're learning together. Laughing over late dinners. Walking through ancient streets.
And going deep with the program and with each other.

And it reminded me that, this how MVU feels for all our attendees

🌍 Why Mindvalley U Exists in an AI World

As the world races ahead with AI, automation, and digital everything…I feel a quiet urgency.

Because the more digital life becomes, the more valuable it is to gather as humans.

To sit face-to-face.
To share a conversation that meanders into the night.
To grow alongside others who are alive, awake, and building extraordinary lives — just like you.

That's what MVU is about: A living, breathing learning experience. And this year, it's going to be the biggest one yet.

At Mindvalley U 2026 in Tallinn, you'll find yourself surrounded by:

Entrepreneurs who've built global businesses — and want more meaning, not just metrics
Parents and educators raising conscious kids
Healers, artists, futurists, creatives
And yes — some of the kindest, most brilliant minds you'll ever meet

Many of these people arrive solo. But they don't leave that way.

So if you're coming alone, I want to ask you something:

👉 Bring someone with you.

Whether it's a friend, partner, colleague, or your kids— MVU becomes exponentially more powerful when it's shared.

Send them this email or invite them to grab their ticket here:

Click here to invite a friend to MVU (our early-bird offer ends this month)

🎤 A Heads-Up About Something Exciting
Each year at MVU, we open something called the Mindvalley Tribe Stage — a platform for you to teach, speak, and lead.

We'll be announcing applications for 2026 soon, but here's what you need to know now:

To apply, you'll need to have a 2-week ticket, as your talk could happen on any day of MVU
You'll have the chance to share your voice, wisdom, and ideas with an audience like no other
Whether you're an educator, coach, entrepreneur, healer — this could be your moment to give back in a powerful way

Stay tuned for updates. But if this sparks something in you — start thinking now.

What would you share? What lights you up? What's your message?

This could be your stage.

In 2026, MVU returns to Tallinn, Estonia — the birthplace of this idea.

A city where medieval walls meet modern tech.
Where history and future live side by side.
And where, this July, you'll reclaim one of the most precious experiences of our time:

✨ Connection.
✨ Belonging.
✨ Aliveness.

Let's live one of our 100 lives together this July.

With love,
Vishen","[Vishen newsletter — vulnerable storytelling, friend-invite upsell, Tribe Stage teaser]",2026-01-16
1,Pre-Event Engagement,Partnership Announcement (Youth),Youth Programs Ticket Holders,The Future of Education Is Here — And Your Child Gets To Be Part of It! 🎒,2026-02-16,Monday,Cancelled,Link,Link to partner blog article,Announce educational partner for Youth Programs. Adapt to Tallinn context. | CANCELLED on 2026-04-29 — no longer relevant for MVU 2026.,Medium,"Hey [First Name],

Exciting news — Mindvalley University 2026 is about to get even more extraordinary for your little ones.

For another year, Mindvalley is partnering with Learnlife, the pioneering school that's redefining education worldwide. Forget memorization — Learnlife's approach is all about self-directed learning, real-world skills, and igniting a passion for lifelong growth.

Their model is already transforming schools across Europe, the Americas, and the UAE — and now, we're bringing it once again to our Mindvalley University Youth Programs in the beautiful city of Tallinn. 🇪🇪

Imagine your child diving into hands-on, curiosity-driven workshops where they explore what truly excites them — whether it's entrepreneurship, creative problem-solving, or future-ready skills. They'll connect with like-minded peers, learn from inspiring mentors, and thrive in an environment that fosters independence, innovation, and confidence.

We can't wait to welcome your family to Tallinn this summer — where, alongside Learnlife, we'll create an unforgettable experience that empowers the next generation of changemakers.

Want to learn more about the future of education and why we're so excited about Learnlife?

👉 Read this article on our Mindvalley Blog here.

Stay tuned — more exciting details coming your way soon!

With excitement and gratitude,
The Mindvalley Events Team","[Mar 3, 2025 — Partnership Announcement]
Audience: Youth Programs Valid Ticket Holders
Subject: The Future of Education Is Here—And Your Child Gets To Be Part of It! 🎒
Key content: Announced Learnlife partnership (second year). Highlighted self-directed learning, real-world skills. Mentioned Learnlife's global presence. Invited families to Amsterdam. Linked to Mindvalley Blog article about Learnlife. Signed by Mindvalley Events Team (originally by Gigi Marquez Suarez).",2026-02-09
34,Pre-Event Engagement,Reminder To Assign Tickets,Buyers with Unassigned Tickets,Reminder To Assign Tickets,2026-02-24,Tuesday,Sent,Link,Assign tickets link,Sent via Bizzabo. Reminder for buyers who haven't assigned their tickets yet.,High,"Hi Álvaro,

We're reaching out with a quick reminder before Mindvalley U 2026.

You've purchased multiple tickets, but they haven't been assigned yet. To ensure a smooth check-in experience, please assign each ticket to the appropriate attendee as soon as possible.

❗Tickets must be assigned to a named attendee to be considered fully registered.

How to Assign Your Tickets:

1. Click the ""Manage your Registration"" button below.
2. Transfer the ticket to the attendee so they can complete their registration.
   ○ Don't forget to register yourself if you are attending!
3. If transferring the ticket, click ""Transfer Registration"", then enter the attendee's first name, last name, and email. They'll receive a link to complete their registration.
4. If you're filling out the registration yourself, click ""Complete Registration"" and enter the necessary details.

With so much love and excitement,

The Mindvalley Events team",[No 2025 reference — operational email],2026-02-17
35,Pre-Event Engagement,Youth Program - Preference Form To Parents,Parents with Youth Program Tickets,Youth Program - Preference Form To Parents,2026-02-28,Saturday,Sent,Link,Preference form link,Sent via Bizzabo. Parents fill out preference form for youth programs.,High,"Hi Álvaro,

To confirm your child's place in the Mindvalley U 2026 Youth Program, please complete the Youth Programs Preference Survey.

One form per child.

We use your answers to plan pick-up permissions, English support, allergies/dietary needs, learning accommodations, and how to best engage your child. We'll also ask about photo/video permission for daily parent updates (Learnlife + Mindvalley).

Survey link: here.

This survey is necessary to confirm a place in the program. If we don't receive the survey by April, 1st, we may need to release the spot to a waitlisted family.

Thank you for helping us awaken their greatness, safely and smoothly.

Mindvalley Youth Programs Team.",[No 2025 reference — operational email],2026-02-21
36,Pre-Event Engagement,Second Reminder To Assign Tickets - March 5th,Buyers with Unassigned Tickets,"Second Reminder To Assign Tickets - March, 5th",2026-03-05,Thursday,Sent,Link,Assign tickets link,Sent via Bizzabo. Second reminder for unassigned tickets.,High,"Hey Álvaro,

A quick (but important) heads-up: one of your Mindvalley U 2026 ticket(s) is currently at risk because it hasn't been assigned to a named ticket holder yet.

Here's why this matters: your registration is only considered complete once every ticket has a ticket holder assigned.

Please take a moment to fix this now:

Assign your ticket holder:

1) Click ""Manage your Registration"" below.
2) For the unassigned ticket, choose one option:
      - Transfer Registration: enter the attendee's first name, last name, and email. They'll receive a link to complete registration.
      - Complete Registration: fill out the attendee details yourself.
3) If you're attending, make sure one ticket is assigned to you.

We can't wait to see you in Tallinn — it's going to be unforgettable.

With love,

The Mindvalley Events team",[No 2025 reference — operational email],2026-02-26
37,Pre-Event Engagement,Third Reminder To Assign Tickets - March 16th,Buyers with Unassigned Tickets,"Third Reminder To Assign Tickets - March, 16th",2026-03-16,Monday,Sent,Link,Assign tickets link,Sent via Bizzabo. Third reminder for unassigned tickets.,Medium,"Hey Álvaro,

A quick (but important) heads-up: one of your Mindvalley U 2026 ticket(s) is currently at risk because it hasn't been assigned to a named ticket holder yet.

Here's why this matters: your registration is only considered complete once every ticket has a ticket holder assigned.

Please take a moment to fix this now:

Assign your ticket holder:

1) Click ""Manage your Registration"" below.
2) For the unassigned ticket, choose one option:
      - Transfer Registration: enter the attendee's first name, last name, and email. They'll receive a link to complete registration.
      - Complete Registration: fill out the attendee details yourself.
3) If you're attending, make sure one ticket is assigned to you.

We can't wait to see you in Tallinn — it's going to be unforgettable.

With love,

The Mindvalley Events team",[No 2025 reference — operational email],2026-03-09
39,Pre-Event Engagement,Fourth Reminder To Assign Tickets - March 26th,Buyers with Unassigned Tickets,"Fourth Reminder To Assign Tickets - March, 26th",2026-03-26,Thursday,Sent,Link,Assign tickets link,Sent via Bizzabo. Fourth reminder for unassigned tickets.,Medium,"Hey Álvaro,

This is important — and time-sensitive.

One of your Mindvalley U 2026 tickets is currently at risk because it's still unassigned (no named ticket holder). And until every ticket has a name attached, the registration isn't complete.

Please assign the ticket holder now (it takes 60 seconds):

Click ""Manage your Registration"" below.
Find the unassigned ticket, then choose one:

Transfer Registration: add the attendee's first name, last name, and email (they'll get a link to complete registration).
Complete Registration: enter the attendee details yourself.
If you're attending, make sure one ticket is assigned to you.

We'd hate for something this small to affect your MVU experience. Assign it now and you're all set.

With love,
The Mindvalley Events Team.",[No 2025 reference — operational email],2026-03-19
4,Pre-Event Engagement,Volunteer Reminders,General Volunteer Database,Last Call to Volunteer at Mindvalley University 2026 in Tallinn! 🌍✨,2026-03-27,Friday,Cancelled,Link,Volunteer application link,Open volunteer applications. Update city and dates. | CANCELLED on 2026-04-29 — no longer relevant for MVU 2026.,Medium,"Hey [First Name],

If you've been thinking about volunteering at a Mindvalley event... this is your moment. 🌟

We're currently inviting passionate, high-vibe humans to apply as volunteers for Mindvalley University 2026 — happening in the stunning city of Tallinn, Estonia from July 20 to August 2, 2026.

Volunteering at Mindvalley University isn't just about helping run an event. It's about becoming part of a movement. You'll connect deeply with the global Mindvalley community, contribute your energy to something truly transformational, and walk away with memories (and friendships) that last a lifetime.

👉 Apply to be a volunteer for Mindvalley University 2026 here: [Insert MVU Volunteer Application Link]

Let's co-create something extraordinary,
Mindvalley Events Team","[Apr 11, 2025 — Volunteer Reminders]
Audience: General Volunteer Database
Subject: Last Call to Volunteer at Mindvalley University 2025 + Manifesting Summit in LA
Key content: Volunteer call for MVU Amsterdam Aug 4-17. Emphasized: movement, deep connection, transformation, lifetime friendships. Also included bonus opportunity for Manifesting Summit in LA (May 17-18). Signed by Mindvalley Events Team.",2026-03-20
40,Pre-Event Engagement,Tribe Stage Application,All Valid Ticket Holders (No Youth Program),Tribe Stage Application,2026-04-06,Monday,Sent,Link,Tribe Stage application form,Sent via Bizzabo. Tribe Stage applications opened. NOTE: This overlaps with planned email #5 (Tribe Speaker Application on Apr 20) — may want to remove or repurpose #5.,High,"Hey Álvaro,

Applications for the Tribe Stage at Mindvalley University 2026 are officially open. And this is your chance to become part of the Mindvalley U experience in a bigger way.

The Tribe Stage isn't just a place to host a session. It's where fresh voices rise, powerful ideas are shared, and members of our community step into leadership.

If you've felt the spark to teach, guide, move, awaken, or inspire others—this may be the invitation you've been waiting for.

🎤 What is the Tribe Stage?

The Tribe Stage is a space for Mindvalley Members to lead community sessions during MVU. From transformational workshops and embodiment practices to guided meditations, conscious conversations, and bold new ideas—this is where your wisdom gets to meet the right audience.

We're looking for sessions that are authentic, engaging, and deeply aligned with the Mindvalley spirit.

✨ This is for you if:

✅ You have a valid MVU 2026 ticket
✅ You feel ready to contribute from your experience, heart, and voice
✅ You're excited to create impact within the Mindvalley community

👉 Apply for the Tribe Stage here:
Click here to submit your application

Spaces are limited, and every application will be carefully reviewed.

For some, the Tribe Stage becomes more than a single session. It becomes the beginning of something bigger—a new level of visibility, contribution, and expression within the Mindvalley ecosystem.

So if something in you is saying yes… trust it.

With love and excitement,
The Mindvalley Events Team.",[See email #5 for planned 2026 copy and 2025 reference],2026-03-30
41,Pre-Event Engagement,Fifth Reminder To Unassigned Tickets - April 14th,Buyers with Unassigned Tickets,Fifth reminder to unassigned tickets (April 9th),2026-04-14,Tuesday,Sent,Link,Assign tickets link,"Sent via Bizzabo. Originally scheduled April 9th, actually sent April 14th.",Medium,"Hey Álvaro,

This is serious — please read carefully.

At least one of your Mindvalley U 2026 tickets is still unassigned (no named ticket holder). If you don't take immediate action, this ticket will be canceled.

To keep the ticket active, you must assign it to a specific attendee. Until every ticket has a name attached, registration isn't complete — and unassigned tickets can't be honored at check-in.

Fix this right now (60 seconds):

Click ""Manage your Registration"" below.
Find the unassigned ticket, then choose one:

Transfer Registration: enter the attendee's first name, last name, and email (they'll receive a link to complete registration).
Complete Registration: enter the attendee details yourself.

If you're attending, make sure one ticket is assigned to you.

Don't risk losing this spot. Assign the ticket now and you're fully set.

With love,
The Mindvalley Events Team",[No 2025 reference — operational email],2026-04-07
5,Pre-Event Engagement,Tribe Speaker Application (originally planned),All Valid Ticket Holders,Your Moment to Shine at Mindvalley University 2026 🌟,2026-04-20,Monday,Cancelled,Link,Tribe Stage application form,CANCELLED on 2026-04-29 — already sent on April 6 via Bizzabo (see #40 Tribe Stage Application). Reminder follow-up created as #45 (May 11).,Medium,[CANCELLED — already sent April 6 via Bizzabo. See #40 for sent copy.],"[May 5, 2025 — Tribe Speaker Application] Audience: All Valid Ticket Holders. Subject: Your Moment to Shine at Mindvalley University 2025 🌟. Key content: Opened Tribe Stage applications. Eligibility: active member, valid ticket, not a volunteer. Framed as launchpad for voice in MV ecosystem.",2026-04-13
6,Pre-Event Engagement,Volunteer Stories,Volunteer Database,Have You Volunteered with Us? We'd Love to Hear Your Story 💬,2026-04-24,Friday,Cancelled,Link,Story submission form,Gather volunteer testimonials. | CANCELLED on 2026-04-29 — no longer relevant for MVU 2026.,Low,"Hey [First Name],

Whether you helped guide attendees, supported our speakers, or brought the vibes to the dance floor — if you've volunteered at any Mindvalley event, we want to hear your story.

You are a vital part of the energy that makes our events so unforgettable. And now, we'd love to know:

✨ What did volunteering mean to you?
✨ What was your most memorable moment?
✨ How did the experience impact your life?

We're gathering volunteer stories to celebrate the amazing humans behind the scenes (aka YOU). Your reflections might be featured in our community channels — or even inspire future volunteers to join the journey.

👉 Share your story here: [Form Link]

Big or small, funny or profound — your story matters. Thank you for showing up, supporting the tribe, and being part of the Mindvalley movement.

With gratitude,
Mindvalley Events Team

P.S. If you've been meaning to share but haven't yet — now's the perfect time. We can't wait to read your words. 💙","[May 7, 2025 — Volunteer Stories]
Audience: Volunteer Database
Subject: Have You Volunteered with Us? We'd Love to Hear Your Story 💬
Key content: Called for volunteer testimonials from any past MV event. Asked 3 questions: meaning, memorable moment, life impact. Stories potentially featured in community channels. Signed by Mindvalley Events Team.",2026-04-17
46,Pre-Event Engagement,Bring A Friend To MVU,All adult ticket holders (No Youth Program attendee),Who Would You Bring to Tallinn? 💛,2026-04-30,Thursday,Sent,Link,Friend-invite / referral link: https://www.mindvalley.com/u?promo=bringafriend&tr=true,SENT via Bizzabo Apr 30. Dedicated referral campaign. Real URL embedded in copy.,Medium,"Hey [First Name],

There's a question I keep coming back to — one I'd love to share with you today.

Who in your life would light up if you told them you're going to Tallinn?

A best friend who needs a reset.
A partner you've been promising adventures.
A sibling who'd geek out over the speakers.
Your kids, ready for the most magical Youth Program in the world.

At Mindvalley U, the people who arrive together come back unrecognizable — closer, deeper, more alive. Because the magic of MVU isn't only in the talks. It's in the late-night conversations, the spontaneous lunches, the dance floors at midnight, the breakthroughs you witness in someone you love.

If there's someone you've been thinking about — even subtly — this is your nudge to follow that thread.

🤝 Why MVU is exponentially better when shared

✨ Memories that don't fade — because you have someone to relive them with
✨ Deeper transformations — because growth is contagious
✨ Practical perks — share a room, split logistics, help each other through long travel days
✨ A shared chapter — the kind your future self will look back on with gratitude

How to bring someone with you

It only takes a moment. Forward this email, or copy and send them their invite directly here:

https://www.mindvalley.com/u?promo=bringafriend&tr=true

Whoever you choose — friend, partner, sibling, parent — bring them with you.

Tallinn is going to be unforgettable. And the best part of unforgettable? Being able to say ""remember when we…"" to someone who was right there beside you.

With love,
The Mindvalley Events Team

P.S. Not sure who to invite? Forward this email to three people who came to mind as you read it, or copy the link above and send it to them directly. Sometimes the right person reveals themselves when we name them.","[No 2025 reference — new initiative for 2026, requested by Marketing as standalone referral campaign]",2026-04-29
45,Pre-Event Engagement,Tribe Stage Application - Reminder May 6th,All adult ticket holders (No Youth Program attendee),A Quick Reminder About the Tribe Stage 🎤,2026-05-06,Wednesday,Sent,Link,Tribe Stage application form,SENT via Bizzabo May 6. First of three reminder follow-ups.,Medium,"Hey [First Name],

A few weeks ago, we opened the Tribe Stage at Mindvalley University 2026 — and we just wanted to circle back, in case it slipped your radar.

The Tribe Stage is a space we created for Mindvalley Members like you to lead a session during MVU. To share what you've been quietly building, healing through, or living into. To meet your audience face-to-face in Tallinn.

We've already received some beautiful applications. And as we keep curating the experience, we're still keeping the door open — because we know how busy life gets, and we don't want anyone to miss this simply because they didn't see the email the first time.

🎤 As a quick recap

The Tribe Stage is for community-led sessions during MVU 2026 — workshops, embodiment practices, guided meditations, conscious conversations, fresh ideas. Anything that's authentic, engaging, and aligned with the Mindvalley spirit.

✨ This is for you if:

✅ You hold a valid MVU 2026 ticket
✅ You feel ready to share from your experience, heart, and voice
✅ You're excited to create real impact within the Mindvalley community

For some, this becomes more than a single session — it's the start of something bigger within the Mindvalley ecosystem. For others, it's simply a beautiful chance to give back.

Either way, if something inside you is whispering yes… we'd love to hear from you.

👉 Apply for the Tribe Stage here: [Application Link]

With love,
The Mindvalley Events Team",[See email #40 (sent April 6) for the original launch copy and email #5 from 2025 reference],2026-05-04
50,Pre-Event Engagement,Party & Social Calendar Reveal,All adult ticket holders (No Youth Program attendee),Socials & Parties — The other curriculum at Mindvalley U 🎉,2026-05-18,Monday,Sent,Soft,No hard CTA — teaser email setting up the party series,SENT via Bizzabo May 18. First of the party reveal series. Replaces standalone #9 Style Guide which was cancelled.,High,"Hey [First Name],

We have a confession to make.

Some of the most transformational moments at Mindvalley U have nothing to do with what happens on stage.

They happen at 1 AM on a dance floor. They happen in a quiet corner of a crowded room. They happen when you're wearing something so utterly ridiculous and joyful that you forget to be the ""you"" you're supposed to be.

The talks and workshops are for your mind. The parties are for your soul.

This is where the real integration happens. It's where strangers become the friends you'll have for life. Where a single conversation can change your business, your relationships, or your entire perspective.

So, while we're putting the finishing touches on the main curriculum, we wanted to give you a glimpse into the other curriculum. The one that unfolds after the sun goes down.

Here's a taste of what we have planned for your evenings in Tallinn:

Week 1: The Spark

🔵 Monday, July 20: The city is your campus. We start with a social gathering that spills across one of Tallinn's coolest districts.
🎭 Thursday, July 23: An exclusive night for our VIP & First Class tribe. Think mystery, elegance, and connection.
🖤 Friday, July 24: We go deeper. A second night where the tribe finds each other through color and the coolest city district.
🐇 Saturday, July 25: The official Opening Celebration. This is where we set the tone for the adventure ahead.

Week 2: The Deep Dive

🤍 Monday, July 27: We take over a new part of the city. Deeper connections, new energy.
🌊 Thursday, July 30: The second VIP & First Class experience. If you thought the first was special, just wait.
🇪🇪 Friday, July 31: One of the final nights together in the colors that unite us all.
🌿 Saturday, August 1: The Grand Finale. We close out two weeks together with a celebration

This is just the beginning. In the coming weeks, we'll be sharing the themes, the secret locations, and the dress codes.

And trust me — you're going to want to pack a second suitcase.

See you in Tallinn,
The Mindvalley U Team",[Party reveal series email #1 — sets up Week 1 and Week 2 party arcs at high level],2026-05-11
49,Pre-Event Engagement,Youth Program - Preference Form To Parents (Reminder),Parents with Youth Program tickets after 27/02/26 (22/05/26),Youth Programs - Preference Form Reminder,2026-05-22,Friday,Sent,Link,Preference form link,SENT via Bizzabo May 22. Reminder for parents who bought tickets after the original send (Feb 28). Deadline updated to June 15.,High,"Hi [First Name],

To confirm your child's place in the Mindvalley U 2026 Youth Program, please complete the Youth Programs Preference Survey.

One form per child.

We use your answers to plan pick-up permissions, English support, allergies/dietary needs, learning accommodations, and how to best engage your child. We'll also ask about photo/video permission for daily parent updates (Learnlife + Mindvalley).

Survey link: here.

This survey is necessary to confirm a place in the program. If we don't receive the survey by June, 15th, we may need to release the spot to a waitlisted family.

Thank you for helping us awaken their greatness, safely and smoothly.

Mindvalley Youth Programs Team.",[Reminder follow-up to #35 — same copy structure with updated deadline],2026-05-15
8,Pre-Event Engagement,Speakers Announcement,All Valid Ticket Holders,Meet the First Speakers of Mindvalley University 2026! 🎤✨,2026-05-25,Monday,Cancelled,Link,Event page / speaker lineup,"First wave of speaker reveals. Include 5-10 confirmed names. Includes friend-invite P.S. | Pushed from May 18 to May 25 due to upstream replanning. | CANCELLED on 2026-06-15: speakers have been revealed via other channels (lineup pages, social media). A dedicated email would be redundant.",High,"Hey [First Name],

The countdown to Mindvalley University 2026 in Tallinn is on... and we're thrilled to share the first wave of extraordinary speakers joining us this July 20 – August 2.

From visionary thinkers to transformational teachers, this lineup is designed to stretch your mind, open your heart, and elevate every area of your life — from mindset to leadership, relationships to personal transformation.

🌟 Here's Your First Look at the Lineup:

[Speaker 1] — [One-line bio]
[Speaker 2] — [One-line bio]
[Speaker 3] — [One-line bio]
[Speaker 4] — [One-line bio]
[Speaker 5] — [One-line bio]

And of course, some of your most-loved Mindvalley speakers will also return to the stage:

[Returning Speaker 1] — [One-line bio]
[Returning Speaker 2] — [One-line bio]
Vishen — Founder of Mindvalley & your guide through the extraordinary

And this is just the beginning.

This is more than a lineup. It's a movement of minds and souls coming together in one of Europe's most captivating cities. And the best part? You'll be right there in the heart of it.

Let the countdown begin,
The Mindvalley Events Team

P.S. More speakers will be announced soon — stay tuned and stay inspired. 🌍✨

P.S. Got a friend who'd lose their mind over this lineup? Tag them on Instagram, forward this email, or send them their ticket directly: [Invite them to MVU 2026]","[Jun 3, 2025 — Speakers Announcement]
Audience: All Valid Ticket Holders
Subject: Meet the First Speakers of Mindvalley University 2025! 🎤✨
Key content: First wave of speakers: Brendan Kane, Roxie Nafousi, Itay Talgam, Emanuela Deyanova, Kwame Christian. Returning: Jimmy Naraine, Linda Clemons, Marie Diamond, Paul McKenna, Vishen. Framed as movement, not just lineup. Teased more announcements coming. Signed by MV Events Team.",2026-05-18
47,Pre-Event Engagement,Tribe Stage Application - Reminder May 25th,All adult ticket holders (No Youth Program attendee),A Tiny Question About the Tribe Stage 🎤,2026-05-25,Monday,Sent,Link,Tribe Stage application form,"SENT via Bizzabo May 25. Second reminder follow-up — different tone (playful ""tiny question"").",Medium,"Hi [First Name],

Tiny question:

Is there something you've been quietly building, teaching, healing through, practicing, or living into… that could serve the Mindvalley community?

If the answer is ""maybe,"" ""yes,"" or ""my soul just raised its hand,"" this is your invitation.

The Tribe Stage at Mindvalley U 2026 is our community-led space for members like you to host sessions in Tallinn.

Think: workshops, embodiment practices, guided meditations, conscious conversations, creative experiences, meaningful stories, and ideas that make the room go, ""Ohhh, I needed that.""

You don't need to have it all perfectly polished.

You just need a valid MVU 2026 ticket, a clear intention, and the desire to create real impact with our community.

Because at Mindvalley U, some of the most powerful moments don't come from watching transformation happen.

They come from leading it.

For some, the Tribe Stage becomes the start of something bigger within the Mindvalley ecosystem.
For others, it's a beautiful chance to give back, connect, and share what's alive in them.

So if something inside you is whispering yes — even shyly, from behind the curtains — we'd love to hear from you.

👉 Apply for the Tribe Stage here

With love,
The Mindvalley Events Team",[Tribe Stage reminder #2 — follow-up to #40 and #45],2026-05-18
52,Pre-Event Engagement,Marta Survey - Non VIP Ticket Holders,Marta Survey - All NON-VIP ticket holders,Help shape Mindvalley U 2026 (5 min),2026-05-27,Wednesday,Sent,Link,Survey link,Marta's research initiative — survey to understand audience expectations for non-VIP holders.,Medium,"Hi [First Name] 💛

You just made a decision that a lot of people dream about — you're coming to Mindvalley U 2026.

Before we finalize the agenda, the teachers, the sessions, the rituals, we want to start with the most important ingredient: you.

Because Mindvalley U isn't just an event. It's the week people look back on as a turning point. And this year, we want to make sure it's designed for the exact season of life you're in right now.

So we made a short survey — 4 to 5 minutes, 8 questions. Your answers will directly shape:

→  The themes and topics we prioritize
→  The formats that will support you most
→  The speakers and teachers we bring on stage
→  The emotional tone and depth of the experience

[  TAKE THE SURVEY  ]

Optional: be part of a 15-minute interview

At the end of the survey, you can indicate if you're open to a 15-minute interview with our team. We'll invite a small number of participants to go deeper into what would make Mindvalley U 2026 truly unforgettable for you.

Every response helps us create an Mindvalley U that feels more meaningful, more magical, and more transformational, not in theory, but in your life.

Thank you for being part of this. Truly.

Warmly,
Mindvalley Team",[Marta initiative — research survey for Non-VIP audience],2026-05-20
53,Pre-Event Engagement,Marta Survey - VIP Ticket Holders,All VIP ticket holders,Help us design your VIP experience at MVU 2026,2026-05-27,Wednesday,Sent,Link,Survey link,Marta's research initiative — separate survey for VIP holders focused on VIP-specific needs.,Medium,"Hi [First Name] 💛

The VIP experience at Mindvalley U 2026 is being designed from scratch.

Not from assumptions, or last year's template. From the real needs, depth preferences, and vision of the people who actually choose it; people like you.

We made a focused survey — 5 minutes, 11 questions — to understand what VIP actually means to you. Your answers will directly shape:

→  The size, intimacy, and curation of VIP circles
→  The depth and psychological safety of sessions
→  The pacing, restoration, and nervous system support
→  The speakers and teachers we bring into the VIP space
→  What makes connections feel truly meaningful

[  TAKE THE SURVEY  ]

At the end, you can opt into a 15-minute VIP design interview. We'll invite a small number of participants to go deeper into what would make the overall experience truly unforgettable for you.

Every response helps us create a VIP experience that feels more aligned, more magical, and more transformational, not in theory, but in your life.

You chose VIP because you want something more. Help us make sure it delivers.

Thank you for being part of this. Truly.

Warmly,
Mindvalley Team",[Marta initiative — research survey for VIP audience],2026-05-20
48,Pre-Event Engagement,Tribe Stage Application - Reminder May 29th,Valid Ticket Holders,Tribe Stage at MVU 2026 — One Last Reminder 🎤,2026-05-29,Friday,Sent,Link,Tribe Stage application form,SENT via Bizzabo May 29. Third reminder follow-up — audience broadened to ALL Valid Ticket Holders (including Youth Program parents).,Medium,"Hi [First Name],

Some of the most powerful moments at Mindvalley U don't happen because someone had the perfect title, the perfect pitch, or the perfect plan.

They happen because someone chose to share something real.

That's the spirit behind the Tribe Stage — a community-led space at Mindvalley U 2026 where members can host sessions that inspire, connect, and create meaningful impact.

We're inviting MVU 2026 ticket holders to apply to lead a session in Tallinn.

Your session could be a workshop, guided meditation, embodiment practice, conscious conversation, storytelling experience, or a fresh idea you feel called to bring to our community.

You don't need to have everything figured out perfectly.

You just need a clear intention, a meaningful offering, and the desire to serve the room.

Because your story, your work, or your practice may be exactly what another member needs to experience.

If you've been considering applying, we'd love to hear from you.

👉 Apply for the Tribe Stage here

With love,
The Mindvalley Events Team",[Tribe Stage reminder #3 — broader audience including Youth Program parents],2026-05-22
54,Pre-Event Engagement,Marta Survey - Non VIP Ticket Holders (Reminder),Marta Survey - All NON-VIP ticket holders,Quick reminder: MVU 2026 survey (5 min),2026-06-02,Tuesday,Sent,Link,Survey link,Marta's research initiative reminder — Non-VIP segment.,Medium,"Hi [First Name] 💛

A few days ago, we sent a short survey about Mindvalley U 2026 and wanted to gently bring it back to the top of your inbox.

If you haven't had the chance to fill it out yet, we would still truly love to hear from you.

The survey takes around 4–5 minutes, and your answers will help us shape everything from themes and formats to the emotional atmosphere of the event itself.

[  TAKE THE SURVEY  ]

We're genuinely building this year's Mindvalley U with the community, not just for the community.
And we'd love to hear your voice in it.

Warmly,
Mindvalley Team",[Marta survey reminder — Non-VIP],2026-05-26
55,Pre-Event Engagement,Marta Survey - VIP Ticket Holders (Reminder),All VIP ticket holders,Quick reminder: VIP experience survey,2026-06-02,Tuesday,Sent,Link,Survey link,Marta's research initiative reminder — VIP segment.,Medium,"Hi [First Name] 💛

A few days ago, we sent a short survey about Mindvalley U 2026 and wanted to gently bring it back to the top of your inbox.

If you haven't had the chance to fill it out yet, we would still truly love to hear from you.

The survey takes around 4–5 minutes, and your answers will help us shape everything from themes and formats to the emotional atmosphere of the event itself.

[  TAKE THE SURVEY  ]

We're genuinely building this year's Mindvalley U with the community, not just for the community.
And we'd love to hear your voice in it.

Warmly,
Mindvalley Team",[Marta survey reminder — VIP],2026-05-26
9,Pre-Event Engagement,Style Guide Announcement,All Valid Ticket Holders,Ready for the Magic? Your Mindvalley U 2026 Party Guide is Here 💃,2026-06-08,Monday,Cancelled,Link,Style Guide PDF download,"Party themes, dress codes, venues in Tallinn. Includes Magic Multiplies friend-invite mini-section. | Moved from Friday June 5 to Monday June 8 (no Friday/weekend sends). | CANCELLED on 2026-06-15: strategy changed to serial party reveals (Party & Social Calendar Reveal, Week 1/2 Theme Reveals, Style Guide Reveal). Standalone Style Guide no longer needed.",High,"Hey [First Name],

Every great story has moments you never forget. At Mindvalley U 2026, those moments won't just happen in the sessions or the workshops...

They'll come alive under the Baltic summer sky, in historic courtyards, on rooftop terraces, and beside strangers who become family.

To help you fully step into the Mindvalley U experience, we've created something special: Your official Style Guide — a curated map of where to go, what to wear, and how to show up for the most magical nights of the year.

✨ Week 1 Highlights (July 20-25):

🪩 Monday, July 20 — Welcome Social
[Venue TBD], 7 PM – 11 PM
A warm gathering to meet your fellow tribe members. Casual, light, joyful — dress however you feel most like YOU.

🌟 Thursday, July 23 — [VIP Party Theme TBD] (VIP & First Class only)
[Venue TBD], 9 PM – 1 AM
An exclusive evening designed for connection and celebration. Dress code details in the Style Guide.

⚡ Saturday, July 25 — [Main Party Theme TBD]
[Venue TBD], 8:30 PM – 2 AM
The main party of Week 1. Bold, electric, unforgettable.

🌿 Week 2 Highlights (July 27 - August 1):

🪩 Monday, July 27 — Welcome Social
[Venue TBD], 7 PM – 11 PM
Casual, light, joyful — come as you are and be ready to mingle.

☀️ Thursday, July 30 — [VIP Party Week 2 Theme TBD] (VIP & First Class only)
[Venue TBD], 9 PM – 1 AM
Another magical evening exclusively for VIP & First Class guests.

🎷 Saturday, August 1 — [Closing Party Theme TBD]
[Venue TBD], 8:30 PM – 2 AM
The grand finale. Go all in. Sparkle hard. Dance harder.

💫 And for our youngest tribe members?
We love seeing families celebrate together — and your kids are welcome to join the fun! For Saturday main parties, we'll have a dedicated kids' area and activities. VIP parties are designed mainly for adults (recommended 16+).

💃 The Magic Multiplies When Shared

Every unforgettable night at MVU is even better with the people you love.

Whether it's a partner you want to dance with under the Baltic stars, family who hasn't seen this version of you in a while, or a friend who needs this — bring your tribe with you.

👉 [Send them their ticket to MVU 2026]

📎 All the event details, times, venues, and dress inspo live inside your Style Guide:

👉 [Click here to access the full Mindvalley U 2026 Style Guide PDF]

These events aren't just social — they're transformational. They're the heartbeat of Mindvalley U. And how you show up matters. Not to impress, but to express.

Looking forward to seeing you there!

With love,
Mindvalley U Team

P.S. Remember:
✔️ Bring your MVU wristband to every event
✔️ Bring cash/card for food & drinks at the venues
✔️ Come ready to connect, move, laugh, and be seen ✨","[Jun 20, 2025 — Style Guide Announcement]
Audience: All Valid Ticket Holders
Subject: Ready for the Magic? Your Mindvalley U 2025 Party Guide is Here 💃
Key content: Launched Style Guide PDF. Week 1: Welcome Social at Tolhuistuin, On Cloud 9 at A'DAM Tower (VIP), Into the Future at Amaze. Week 2: Welcome Social, Summer by the Park at Vondelpark (VIP), Roaring 1920s Closing at Het Sieraad. Kids welcome at main parties (dedicated area). VIP parties recommended 16+. Signed by MV U Team.",2026-06-01
51,Pre-Event Engagement,Week 1 Party Theme Reveal,All adult ticket holders (No Youth Program attendee),Your other suitcase is calling… Mindvalley U Socials & Parties Revealed 🎉,2026-06-09,Tuesday,Sent,Soft,Teaser — style guide coming soon,SENT via Bizzabo June 9. Second email in the party reveal series. Reveals Week 1 themes by night.,High,"Hi [First Name],

Remember when we told you to pack a second suitcase? We weren't kidding.

At Mindvalley U, we don't do ""networking events."" We create worlds.

For one night, you might be wandering an entire city district with hundreds of strangers — all wearing the same color, all finding each other through the streets. Next, you're stepping into a hidden world of mystery and elegance. You stop performing ""yourself"" and you start playing. It's in that play that you find the real you.

Here are the worlds we're opening up for you in Week 1:

🔵 Monday, July 20th — Blue Block Party | Rotermanni Quarter

This isn't a party in a venue. The venue is an entire district of Tallinn. Hundreds of us, all in blue, moving through the city, creating a current of connection. The city is our campus.

🌙 Monday, July 20th — ALT Monday | Secret Location

And when the Block Party ends… the night is just getting started. A secret location drops on your phone at 9PM. By 10PM, you're somewhere unexpected — music, energy, and something gloriously alive until 1AM. Keep your phone charged.

🎭 Thursday, July 23rd — Midnight Cabaret | Manna La Roosa
(First Class & VIP ticket holders)

For our First Class & VIP tribe, we step into a hidden world of mystery and elegance. A place where the performances aren't just on a stage, but in the moments between conversations.

🖤 Friday, July 24th — Black Block Party | Telliskivi Quarter

New day, new color, new location, five curated spots. We descend on Telliskivi, Tallinn's creative heart, a canvas of street art and conversation. A symbol of new beginnings.

🐇 Saturday, July 25th — Marvellous Wonderland | PROTO Invention Factory

Our official opening celebration. We're taking over an old invention factory and turning it upside down. Think Alice in Wonderland meets steampunk meets... well, you'll just have to see. This is where the adventure truly begins.

Start dreaming. Start plotting. The style guide is coming soon.

Next week, we'll tell you about Week 2. It only gets better.

With excitement,
The Mindvalley U Team",[Party reveal series email #2 — Week 1 themes per night],2026-06-02
7,Pre-Event Engagement,Hotel Discounts in Tallinn,Valid Ticket Holders,Exclusive Hotel Deals for MVU 2026 in Tallinn 🏨,2026-06-15,Monday,Sent,Link,Hotel deals page,SENT via Bizzabo Jun 15. Reframed from original Plan Your Trip — accommodation offers focus with warm storytelling.,High,"Hey Álvaro,

One of the most beautiful parts of Mindvalley U is that for a few unforgettable weeks, a new city becomes more than a destination.

It becomes your campus.
Your playground.
Your meeting point for deep conversations, spontaneous dinners, morning walks, new friendships… and the occasional ""Wait, did that workshop just rewire my entire life?"" moment.

And this year, that city is Tallinn.

To make your stay smoother, we've curated a selection of special accommodation offers for Mindvalley U attendees — with options across different budgets, styles, and locations.

Whether you're looking for something simple and central, a serviced apartment with more independence, a cozy hotel stay, or a more premium experience to fully treat yourself, you'll find a range of exclusive Mindvalley U rates and discounts available during the event dates.

Think of it as your home base for transformation.

A place to rest after a day of workshops.
A quiet corner to integrate your insights.
A cozy launchpad before heading out to meet your tribe again.

Because at Mindvalley U, where you stay matters less than how you feel while you're there: grounded, comfortable, connected, and ready for everything this experience will bring.

You can explore the full list of accommodation offers, rates, booking instructions, promo codes, and availability details here:

🏡 Click here to explore Mindvalley U accommodation offers

A gentle note: these special rates are subject to availability, so we recommend booking early once you find the option that feels right for you.

Tallinn is waiting.
Your tribe is gathering.
And your little home-away-from-home might already be calling your name.

See you soon in Estonia,
The Mindvalley U Team

P.S. Choose the place that supports the version of you who wants to learn deeply, sleep well, and still have enough energy to say yes to ""one quick dinner"" that somehow turns into a life-changing conversation.

Your bed is temporary. The memories are not.","[May 9, 2025 — Accommodation Deals]
Audience: All Valid Ticket Holders
Subject: Plan Your Stay in Amsterdam – Exclusive Accommodation Deals for MVU
Key content: Exclusive hotel deals near Beurs van Berlage. Updated Attendee Guide with venue logistics, packing list, arrival tips, FAQs. Encouraged early booking (Amsterdam fills up in August). Tip to arrive early to explore city. Signed by MV University Team.",2026-06-08
56,Pre-Event Engagement,Week 2 Party Theme Reveal And Party Guide,Valid Ticket Holders,Mindvalley U - Week 2 Socials & Parties Revealed + Party Guide 🎉,2026-06-16,Tuesday,Sent,Link,Party Guide link,SENT via Bizzabo Jun 16. MERGED with Party Guide (originally planned as separate #57). Now combines Week 2 reveal + full Party Guide.,High,"Hey Álvaro,

Just when you think you've seen it all... Week 2 happens.

Week 1 is for breaking the ice. Week 2 is for melting it completely.

The connections get deeper. The conversations get realer. And the parties? They become celebrations of the tribe we've built together.

Here's what's waiting for you in Week 2:

🤍 Monday, July 27th — White Block Party | Rotermanni Quarter

A new week, a new color, a new tribe. We descend on Rotermanni — where industrial heritage meets modern city life, and strangers become a tribe. A symbol of new beginnings. Wear white and meet your tribe.

🌙 Monday, July 27th — ALT Monday | Secret Location

It's back. And somehow, it hits even harder the second time. A new secret location. The same energy. More of the tribe.

🌊 Thursday, July 30th — Summer by the Bay | Lillepaviljon
(First Class & VIP ticket holders)

An exclusive night for our First Class & VIPs on the water's edge. Think Nordic coastal calm meets Mediterranean warmth. The kind of evening that lingers long after the 10:30 PM sunset.

🇪🇪 Friday, July 31st — Estonia Block Party | Telliskivi Quarter

Blue, Black, or White — or all three. We unite in the colors of the Estonian flag for one final night across Telliskivi Quarter. One city. One tribe. One last time.

🌿 Saturday, August 1st — Nordic Summer Soirée | Estonian Open Air Museum

Our grand finale. We're taking you out of the city and into nature, to an open-air museum that becomes our private village. A night of folk-tribal beats, bohemian chic, and celebrating the journey under the vast Estonian sky.

This is how we close Mindvalley U. Not with a goodbye — but with a ""see you soon.""

And to help you arrive prepared, dressed, styled, and fully in the spirit of every celebration, we've created your Official Party Guide 🎉

Click the button below and you'll find the themes, dress codes, details, and little things worth knowing before each gathering.

With excitement,
The Mindvalley U Team",[Party reveal series email #3 — Week 2 themes per night. Sent TOMORROW.],2026-06-09
2,Pre-Event Engagement,About Tallinn,All Valid Ticket Holders,Why Tallinn Is the Perfect City for Your Next Big Transformation 🇪🇪,2026-06-18,Thursday,To Do,Forward / Share,P.S. friend-invite link only — no hard CTA in body (storytelling email),"Originally scheduled Feb 27, then May 4 — both missed. Repositioned to Thu Jun 18 as storytelling/anticipation piece before the Style Guide reveal week.",High,"Hey [First Name],

Close your eyes for a second and picture this...

You're walking through the cobblestone streets of Tallinn's medieval Old Town, past towers that have stood for centuries, as the golden light of a Baltic summer evening wraps around you. The air carries the hum of cafes, the distant sound of live music, and a quiet energy that feels like possibility itself.

Now imagine that instead of just visiting, you're here for something extraordinary — a two-week deep dive into your greatest potential.

This is Mindvalley University 2026, and it takes place from July 20 to August 2 in the heart of Tallinn, Estonia.

For two unforgettable weeks, Tallinn becomes your playground for transformation.

Here's why you need to be there.

🏰 Learn, Explore, and Grow in One of Europe's Best-Kept Secrets

Tallinn isn't just another event location — it's an experience in itself.

A city where medieval meets digital — Tallinn is one of the most digitally advanced cities on Earth, yet its Old Town is a UNESCO World Heritage Site. It's where ancient wisdom and innovation coexist — the perfect setting to expand your mind and vision for the future.

A classroom without walls — One moment, you're in a masterclass with a world-class teacher. Next, you're exploring the winding alleys of the Old Town or gazing across the Baltic Sea from Pirita Beach. This isn't just learning — it's a full-body immersion into new ideas.

From sunrise meditations to unforgettable nights — Whether you're diving deep into a talk on human potential, networking with brilliant minds over dinner, or dancing under the white nights of a Baltic summer, every moment at MVU is designed for transformation.

🌟 Not a Conference. Not a Retreat. A Total Life Upgrade.

Choose Your Own Adventure: Stay for a weekend, a week, or the full two-week experience.
Learn from the Best: Our speaker lineup is filled with global thought leaders in business, relationships, biohacking, spirituality, and more.
Join a Global Tribe: You'll connect with entrepreneurs, creatives, changemakers, and seekers from over 60 countries.

👨‍👩‍👧‍👦 The Only Event of Its Kind That Welcomes Your Family

If you're a parent, this is your chance to share the journey of personal growth with your kids. A full curriculum for Kids & Teens, global experiences, and friendships that last a lifetime.

This summer, you're not just visiting a city. You're stepping into a chapter you'll remember for years.

We can't wait to welcome you to Tallinn.

See you under the Baltic sky,
The Mindvalley Events Team

P.S. Tallinn isn't the kind of city you discover alone. Know someone who'd light up at the thought of this? Forward them this email — or share the link directly: [Send a friend to MVU 2026]","[Mar 13, 2025 — About Amsterdam]
Audience: MV InfoMailer Database
Subject: Why Amsterdam is the Perfect City for Your Next Big Transformation
Key content: Painted a vivid picture of Amsterdam (canals, bridges, sunsets). Positioned the city as part of the transformation experience. Highlighted: creativity hub, classroom without walls, sunrise-to-nightlife experience. Family-friendly angle with Kids & Teens programs. Urgency: early pricing expiring, limited spots. Signed by Mindvalley Events.",2026-06-11
10,Pre-Event Engagement,Lineup Update,All Valid Ticket Holders,New Speakers Just Announced — This Summer in Tallinn Will Change Everything ✨,2026-06-22,Monday,Cancelled,Link,Full lineup page,Second wave of speakers. 3-4 new headline names. Includes urgency-driven friend-invite P.S. | CANCELLED on 2026-06-15: speakers/lineup already revealed via other channels.,High,"Hey [First Name],

Every year at Mindvalley U, we gather the world's most brilliant minds in personal transformation to spark something extraordinary within you.

But this year?

Something even bigger is unfolding in Tallinn...

For the very first time, we're welcoming powerhouse visionaries who've never graced the Mindvalley stage before — and their arrival is sending ripples of anticipation through our entire community.

Let us introduce you to the trailblazers making their Mindvalley U debut:

[New Speaker 1] — [Compelling one-line bio]

[New Speaker 2] — [Compelling one-line bio]

[New Speaker 3] — [Compelling one-line bio]

[New Speaker 4] — [Compelling one-line bio]

These teachers aren't joining us just to share information... they will be on stage to lead life-changing transformations.

And you get to be there to experience it all.

We don't say this lightly — you will never forget what happens in Tallinn.
And you'll never be the same after it.

With wonder,
Mindvalley U Team ✨

P.S. Are you planning to apply to speak at Mindvalley U? 🚨 The application deadline is approaching. If you've got a message to share with our tribe... now's the time to raise your hand.

👉 Apply here before [deadline date] — or forever hold your peace. 😉

P.S. With this lineup confirmed, MVU 2026 is filling up fast. If there's someone you've been meaning to invite — now's the moment, before the doors close. [Send them their ticket]","[Jul 9, 2025 — Lineup Update]
Audience: All Valid Ticket Holders
Subject: Four world-shifting teachers. One life-changing summer. This is your moment.
Key content: Second wave reveal: Dr. Amanda Hanson, Daniel Priestley, Garry Lineham (Human Garage), Alyssa Nobriga. Each with compelling bio paragraph. Framed as debut speakers. Tribe Stage reminder (deadline Jul 14). Signed by MV U Team.",2026-06-15
11,Pre-Event Engagement,Youth Programs Waiver,Youth Programs Ticket Holders,One Quick Step to Complete Before Mindvalley U 💛,2026-06-22,Monday,To Do,Link,Waiver signing link,Mandatory waiver for Kids & Teens Programs.,High,"Hey [First Name],

We're getting closer to welcoming your family to Mindvalley U 2026 in Tallinn — and our team is buzzing with excitement to create an unforgettable experience for your little (and not-so-little!) ones. 🌱

To help us keep every child safe, supported, and cared for, we ask all parents and guardians to complete a mandatory waiver for the Kids & Teens Programs.

It's a simple step, but it's an important one — and it must be completed before the event.

👉 Click Here To Sign. Please kindly sign it as soon as possible.

This helps us ensure your child's experience is smooth, secure, and full of magic. ✨

Thank you for being part of this journey — and for trusting us with your most important humans.

With love,
The Mindvalley Events Team","[Jul 7, 2025 — Youth Programs Waiver]
Audience: All Valid Ticket Holders (with youth)
Subject: One Quick Step to Complete Before Mindvalley U 💛
Key content: Mandatory waiver for Kids & Teens Programs. Must be completed before event. Simple, warm tone emphasizing child safety. Signed by Mindvalley Events Team (originally by Gigi Marquez Suarez).",2026-06-15
57,Pre-Event Engagement,Party Style Guide Reveal,All Valid Ticket Holders,Ready for the Magic? Your Mindvalley U 2026 Party Guide is Here 💃,2026-06-22,Monday,Cancelled,Link,Style Guide PDF link,"Fourth email in party reveal series. Full Style Guide with dresscodes for all 10 nights. Originally planned May 29 in doc, repositioned to Mon Jun 22. | CANCELLED on 2026-07-07: MERGED into #56 Week 2 Party Theme Reveal (sent Jun 16). The standalone Style Guide was absorbed into the Week 2 reveal email.",High,"Hey [First Name],

Every great story has moments you never forget.

At Mindvalley U 2026, those moments won't just happen in the sessions. They'll spark under velvet curtains, in open-air museums, along serene waterfronts — and beside strangers who quickly feel like family.

How you show up to these nights matters. Not to impress. But to express.

To help you fully step into the experience, we've created your official Mindvalley U 2026 Party Style Guide — your curated map of where to go, what to wear, and how to show up for the most unforgettable evenings of the year.

Here's everything that awaits:

✨ Week 1:

🔵 July 20 — Blue Block Party | Rotermanni Quarter
🌙 July 20 — ALT Monday | Secret Location
🎭 July 23 — Midnight Cabaret (First Class & VIP ticket holders) | Manna La Roosa
🖤 July 24 — Black Block Party | Telliskivi Quarter
🐇 July 25 — Marvellous Wonderland | PROTO Invention Factory

✨ Week 2:

🤍 July 27 — White Block Party | Rotermanni Quarter
🌙 July 27 — ALT Monday | Secret Location
🌊 July 30 — Summer by the Bay (First Class & VIP ticket holders) | Lillepaviljon
🇪🇪 July 31 — Estonia Block Party | Telliskivi Quarter
🌿 August 1 — Nordic Summer Soirée | Estonian Open Air Museum

💜 For our youngest tribe members: We love seeing families celebrate together. For our Saturday main evening parties, Marvellous Wonderland and Nordic Summer Soirée, we'll have a dedicated kids' area with activities and special assistants. For other evening socials and block parties, families are welcome, but there won't be dedicated kids' spaces. VIP and First Class parties are designed as adult experiences, and we generally recommend them for guests aged 16 and above.

Everything you need — dresscodes, times, venues, and inspiration — lives inside your Style Guide.

👉 [Click here to access the full Mindvalley U 2026 Style Guide PDF]

These evenings aren't just parties. They're part of your transformation.

With love,
The Mindvalley U Team",[Copy from MVU 2026 Party customer comms doc — May 29 Style Guide Reveal],2026-06-15
65,Pre-Event Engagement,Kids & Teens Waitlist Announcement - Batch 1,Kids & Teens Waitlist - Batch 1,Kids & Teens Tickets Update — Waitlist Release,2026-06-26,Friday,Sent,Link,Ticket availability page,SENT via Bizzabo 2026-06-26. Waitlist release batch 1. Small batch (~10 recipients).,Medium,"Hi Álvaro,

We wanted to share a small update with you.

A limited number of additional Kids and Teens tickets for Mindvalley U 2026 has just become available.

Because you joined the waitlist, you're receiving this email as part of our waitlist release process. We're opening access in small batches, based on the order in which families contacted us.

Please note that availability is still very limited, and tickets can't be held individually.

So if you're still interested in adding a Kids or Teens ticket to your Mindvalley U experience, you can check availability and book through the link below.

If tickets are still available when you visit the page, you'll be able to complete your booking there.

With love,
The Mindvalley U Team",[Kids & Teens Waitlist release - Batch 1. Identical copy across all 3 batches.],2026-06-19
3,Pre-Event Engagement,Attendee Guide,Valid Ticket Holders,Your Mindvalley U Attendee Guide is Here ✨,2026-06-30,Tuesday,Sent,Link,Attendee Guide link,"RESURRECTED. Originally planned Mar 23 (cancelled), then merged into #7 Plan Your Trip. Ultimately sent standalone on Jun 30 via Bizzabo — reactivated with new copy and date.",High,"Hi Álvaro,

Mindvalley U is getting closer…

And somewhere between booking flights, imagining the people you'll meet, and wondering how many ""life-changing conversations"" a person can fit into one trip…

There's one little thing that will make your arrival feel much smoother:

Your official Mindvalley U Attendee Guide is now ready.

Inside, you'll find the key details to help you prepare for the experience ahead — from practical event information to the little things that make navigating Mindvalley U feel easy, exciting, and beautifully organized.

Think of it as your pre-adventure compass.

Not the boring kind that comes with legal disclaimers and tiny airport-font instructions.

The useful kind.

The one that helps you arrive feeling grounded, prepared, and ready to say yes to the full experience.

✨ Click here to read your Mindvalley U Attendee Guide

Please take a few minutes to go through it before you arrive.

Mindvalley U is designed to be more than an event. It's a temporary home for extraordinary humans from around the world — a place to learn, connect, explore, expand, and remember what life feels like when you're surrounded by people who also believe growth should be joyful.

And the better prepared you are, the more present you can be for the magic.

So pour yourself a tea, open the guide, and start getting excited.

Your next chapter is already warming up backstage.

With love,
The Mindvalley U Team

P.S. Future you — the one arriving calm, prepared, and wildly excited — says thank you.","[Apr 7, 2025 — Attendee Guide] Audience: All Valid Ticket Holders. Subject: 🚀Your Ultimate Guide to Mindvalley University 2025 is HERE! Key content: Launched Attendee Guide portal. Covered: venue, parties, kids activities, emergency contacts, restaurants, transport. Encouraged bookmarking for continuous updates.",2026-06-23
13,Pre-Event Engagement,SIX App,All Valid Ticket Holders,Your Access to the Mindvalley U Community: Meet the SIX App 🤝,2026-07-01,Wednesday,Cancelled,Link,App Store + Play Store links,"Introduce Six networking app. | CANCELLED on 2026-07-08: Replaced by WhatsApp Community Link (#69, sent Jul 7). SIX app not used as community channel this year.",Medium,"Hey [First Name],

It's almost time. Tallinn is calling, and the countdown to Mindvalley U 2026 has officially begun. 🎉

But here's the thing — your Mindvalley U journey doesn't start at the check-in desk. It starts the moment you join our community app: Six.

Six is Mindvalley's social app, built for brilliant minds like yours to connect, collaborate, and celebrate before the first session even begins.

Think of it as your digital passport into a thriving, global tribe of visionaries.

Here's what you'll love:

✅ Improved matching: Check out the 'Discover' tab — you'll get daily recommendations for new friends and peers based on your interests, location, and more.
✅ Meet your fellow attendees in advance: Say hello to future co-founders, best friends, and the people you'll see on the dance floor.
✅ Chat effortlessly: Organize dinners, co-working sessions, or sunrise walks along the Baltic coast.
✅ Host your own meetups: Browse community-led events and create your own gatherings around Tallinn.

Already used Six before? You'll be added to the Mindvalley U 2026 network automatically.

New to the app? Keep an eye on your inbox — once you've been added to the network, we'll send you an exclusive invite code and setup instructions.

How to download the app:

📱 iOS: [Link]
📱 Android: [Link]

With Six in your pocket, Mindvalley U becomes more than an event — it becomes your new tribe, your new Tallinn family, and your next level.

See you soon under the Baltic skies,
Mindvalley U Team

*Please note that the latest version is required to experience all the new features of the app.","[Jul 25, 2025 — SIX App]
Audience: All Valid Ticket Holders
Subject: Your Access to the Mindvalley U Community: Introducing the SIX App
Key content: Introduced Six networking app. Features: matching algorithm, pre-event connections, chat, community-led meetups. Existing users auto-added to 2025 network. New users get invite code. iOS + Android links. Framed as 'digital passport to the tribe'. Signed by MV U Team.",2026-06-24
66,Pre-Event Engagement,Kids & Teens Waitlist Announcement - Batch 2,Kids & Teens Waitlist - Batch 2,Kids & Teens Tickets Update — Waitlist Release,2026-07-01,Wednesday,Sent,Link,Ticket availability page,SENT via Bizzabo 2026-07-01. Waitlist release batch 2. Small batch (~10 recipients).,Medium,"Hi Álvaro,

We wanted to share a small update with you.

A limited number of additional Kids and Teens tickets for Mindvalley U 2026 has just become available.

Because you joined the waitlist, you're receiving this email as part of our waitlist release process. We're opening access in small batches, based on the order in which families contacted us.

Please note that availability is still very limited, and tickets can't be held individually.

So if you're still interested in adding a Kids or Teens ticket to your Mindvalley U experience, you can check availability and book through the link below.

If tickets are still available when you visit the page, you'll be able to complete your booking there.

With love,
The Mindvalley U Team",[Kids & Teens Waitlist release - Batch 2. Identical copy across all 3 batches.],2026-06-24
67,Pre-Event Engagement,Kids & Teens Waitlist Announcement - Batch 3,Kids & Teens Waitlist - Batch 3,Kids & Teens Tickets Update — Waitlist Release,2026-07-06,Monday,Sent,Link,Ticket availability page,SENT via Bizzabo 2026-07-06. Waitlist release batch 3. Small batch (~10 recipients).,Medium,"Hi Álvaro,

We wanted to share a small update with you.

A limited number of additional Kids and Teens tickets for Mindvalley U 2026 has just become available.

Because you joined the waitlist, you're receiving this email as part of our waitlist release process. We're opening access in small batches, based on the order in which families contacted us.

Please note that availability is still very limited, and tickets can't be held individually.

So if you're still interested in adding a Kids or Teens ticket to your Mindvalley U experience, you can check availability and book through the link below.

If tickets are still available when you visit the page, you'll be able to complete your booking there.

With love,
The Mindvalley U Team",[Kids & Teens Waitlist release - Batch 3. Identical copy across all 3 batches.],2026-06-29
69,Pre-Event Engagement,Whatsapp Community Link,Valid Ticket Holders,Join the official Mindvalley U WhatsApp community 💬,2026-07-07,Tuesday,Sent,Link,WhatsApp community join link,"SENT via Bizzabo Jul 7. Official WhatsApp community for announcements, updates and reminders before/during event.",High,"Hi Álvaro,

Mindvalley U is getting closer… and before the magic officially begins, we want to make sure you're connected to the right place.

We've created an official WhatsApp community for Mindvalley U attendees.

This is where we'll share official event announcements, important updates, key reminders, and anything you'll need to know before and during the experience.

Think of it as your little digital compass for Mindvalley U.

No noise.
No missed updates.
No wondering, ""Wait… where did I see that again?"" while juggling 17 browser tabs and a matcha latte.

💬 Join the official WhatsApp community here

We recommend joining now so you don't miss any important updates as we get closer to the event.

We're so excited to experience Mindvalley U with you — the learning, the friendships, the spontaneous conversations, and those beautiful little moments that somehow become lifelong memories.

With love,
The Mindvalley U Team

P.S. This WhatsApp community will be used for official event announcements, so please join using the number you'll have access to during Mindvalley U.",[New for 2026 — WhatsApp community launch. In 2025 this was done differently (channel joined via SIX app or Attendee Guide).],2026-06-30
58,Pre-Event Engagement,Parties & Social - Artists Reveal - Week 1,Valid Ticket Holders,Artist Reveal: Week 1 Nights of Mindvalley U Are Coming Alive 🎶,2026-07-09,Thursday,Sent,Soft,Artist showcase — soft CTA,"Reveals DJs/performers for Week 1 parties. Originally planned Jun 9 in doc, repositioned to Tue Jun 23. | Repositioned per user instruction to Thu Jul 9 | SENT via Bizzabo (confirmed). Name/audience aligned to Bizzabo.",Medium,"Hi [First Name],

Mindvalley U 2026 in Tallinn is now just weeks away.

Soon, thousands of people from around the world will gather here — to learn, connect, celebrate, and experience the kind of moments that stay with you long after summer ends.

The days will expand you. But the nights?

The nights will pull you into entirely different worlds.

Today, we're revealing the artists, performers, and energy behind some of the most unforgettable evenings of Week 1.

Here's what awaits:

🌙 ALT Monday
July 20 | Secret Location

The Blue Block Party wraps at 11PM… but the night is just getting started. A secret location drops on your phone. By 11PM, hundreds of you arrive somewhere in the city — music, energy, and something alive until 2AM.

Dresscode: Keep your Blue on from the Block Party.

Your entertainers for the evening:
[ADD ARTIST VISUAL]

🎭 Midnight Cabaret — VIP Party
July 23 | Manna La Roosa
(First Class & VIP ticket holders)

Midweek, we step behind the velvet curtain for a night where mystery and elegance intertwine. Subtle performances and fleeting cabaret moments inside Manna La Roosa's theatrical interior.

Dresscode: Cabaret Noir

Your entertainers for the evening:
[ADD ARTIST VISUAL]

🐇 Marvellous Wonderland
July 25 | PROTO Invention Factory

The official opening celebration. We transform the PROTO Invention Factory into a Wonderland where reality bends and imagination takes over. Inspired by Alice in Wonderland — playful illusions, unexpected details, and curious moments at every turn.

Dresscode: Alice in Wonderland inspired

Your entertainers for the evening:
[ADD ARTIST VISUAL]

This is just the first glimpse of what we have planned for you.

See you in Tallinn soon,
The Mindvalley U Team",[Copy from MVU 2026 Party customer comms doc — Jun 9 Week 1 Artists Reveal],2026-07-02
12,Pre-Event Engagement,Sharing Upgrade Form,Valid Ticket Holders,Want to upgrade your Mindvalley U experience?,2026-07-10,Friday,Sent,Link,"Upgrade request form (tier upgrade to VIP/FC, duration extension, or both)","SENT via Bizzabo Jul 10. Real copy restored Jul 16 (previous entry had outdated draft). General upgrade-request email: tier upgrade to VIP/First Class, duration extension, or both. Upgrade not confirmed until payment + official confirmation.",Medium,"Hi [First Name],

You're already joining us for Mindvalley U 2026 — and that means you're stepping into an experience designed for deep growth, powerful connections, unforgettable conversations, and those magical ""how did I just meet my new best friend in a coffee line?"" moments.

And now, you have the opportunity to elevate your experience even further.

We're opening upgrade requests for attendees who would like to explore one of the following options, subject to availability:

• Upgrade your ticket tier to VIP or First Class
• Extend your ticket duration to a longer available access period
• Combine both options — for example, upgrade from a 3-day or 1-week General Admission ticket to a longer VIP or First Class ticket

To request your upgrade, simply fill out this form:

👉 Click here to request your upgrade

Very important: your upgrade is not confirmed until payment has been completed and you have received an official confirmation email from the Mindvalley team.

So please don't update your inner VIP status just yet. Almost. But not quite. 😉

If this feels aligned, click the button below

We can't wait to welcome you to Mindvalley U 2026 — whichever version of the experience you choose.

With love,

The Mindvalley U Team

P.S. Upgrade availability may be limited, so we recommend submitting your request as soon as possible if this is something you'd love to explore.

""Sometimes the next level begins with one small yes.""

[BUTTON: Upgrade your ticket]","[Jul 23, 2025 — VIP Upgrade]
Audience: All Valid Ticket Holders
Subject: Your First-Class Invitation Is Still Open
Key content: Gentle upsell nudge for First-Class upgrade. Perks listed: private speaker dinner, front row, exclusive parties, personal concierge. Urgency: handful of seats left. Link to request form. Signed by MV U Team.",2026-07-03
16,Pre-Event Engagement,The 3 Apps For Mindvalley U,Valid Ticket Holders,The 3 apps that will make Mindvalley U effortless,2026-07-13,Monday,Sent,Soft,No hard CTA — informational overview of 3 apps,"Moved from Thu Jul 9 to Mon Jul 13. Reframed from ""Agenda App"" solo to a comprehensive intro of 3 apps: Agenda App + WhatsApp Community + Finerminds (new Mindvalley connection app, replacing SIX from 2025). | SENT via Bizzabo (confirmed). Name/audience aligned to Bizzabo.",High,"Hi [Name],

Mindvalley U isn't just an event.

It's a little city within a city: sessions, workshops, unexpected conversations, moments of expansion, new friends, parties, breakthroughs… and probably at least one ""Wait, which room was that in?"" said while holding coffee.

To help you move through the experience with more clarity, connection, and calm, we'll be using 3 main apps during Mindvalley U.

Keep this email close. Think of it as your little digital compass.

1. Agenda App — your daily guide

This is where you'll find the event agenda: sessions, timings, speakers, workshops, and everything you need to know about what's happening, when it's happening, and where you need to be.

Use it to plan your days, choose your sessions, and make sure you don't accidentally miss the workshop that later becomes ""the thing everyone is talking about.""

2. WhatsApp Community — your official announcement channel

Our WhatsApp Community will be used for official Mindvalley U updates and important event notifications.

Think of it as your event ""push notifications"" channel — the place where we'll share timely updates, reminders, schedule changes, and anything you need to know in real time.

It's not where the magic happens. It's where we make sure you don't miss the magic.

3. Finerminds — your connection app

Finerminds is Mindvalley's new app designed to help you meet like-minded people from the community.

This is where you can discover interesting people, connect with attendees who share similar passions, and start conversations that may turn into friendships, collaborations, masterminds… or simply a wonderful coffee with someone who ""gets it.""

Because yes, the sessions will be powerful.

But often, the person sitting next to you becomes part of the transformation too.

So before Mindvalley U begins, please make sure you have access to all 3:

🧭 Agenda App — for your schedule
📣 WhatsApp Community — for official updates
🤝 Finerminds — for meeting your tribe

We'll share more details soon on how to access each one.

For now, just know this: we're setting up everything we can to help you feel informed, connected, and beautifully at home from the moment you arrive.

See you soon at Mindvalley U.

And remember: the best connections usually begin with a slightly awkward ""Hi, is this seat taken?""","[Jul 29, 2025 — Agenda App]
Audience: All Valid Ticket Holders
Subject: Here's Your Agenda App for Mindvalley U ✨
Key content: Launched agenda app (mvuapp.mindvalley.com). Features: full schedule for all age groups, speaker details, mobile + web optimized. First load may be slow. Referenced Attendee Guide for more info. Signed by MV U Team.",2026-07-06
17,Pre-Event Engagement,Impact Survey,All Past Event Attendees,Did You Find Love at a Mindvalley Event? ✨,2026-07-13,Monday,Cancelled,Link,Survey link (Airtable form),Collect impact stories from past attendees. | CANCELLED on 2026-07-08: User decision — not relevant for this cycle.,Low,"Hey [First Name],

Did you find love at a Mindvalley event?

Did you meet someone who became a best friend, a co-founder, a mentor — or maybe your soulmate?

Did you walk away with a deeper sense of purpose, or a breakthrough that changed your path?

If you've ever attended a Mindvalley event — from A-Fest to Summit to Mindvalley U — you know it's more than just personal growth.

It's a portal into a life that's more aligned. More expansive. More connected.

And sometimes... that simple decision to attend changes everything.

That's why we're asking for 60 seconds of your time to share your experience with us. We're collecting real, powerful data about what actually happens at our events — and your story matters more than you think.

👉 Click here to fill out our Impact Survey.

Your answers could help us show the world what this community is really about.

Not just transformation, but connection, purpose, and real-world magic.

Thank you for being part of this journey — and for taking a moment to reflect on how far we've come together.

With gratitude,
Mindvalley Events Team","[Jul 31, 2025 — Impact Survey]
Audience: All past event attendees
Subject: Did You Find Love at a Mindvalley Event?✨
Key content: Emotional hook about connections made at events. Asked for 60-second survey about impact of attending. Framed as collecting real data about community. Airtable form link. Signed by MV Events Team.",2026-07-06
59,Pre-Event Engagement,Parties & Social - Artists Reveal - Week 2,Valid Ticket Holders,Artist Reveal: Week 2 Nights of Mindvalley U Are Coming Alive 🎶,2026-07-14,Tuesday,Sent,Link,Style Guide PDF link,"Reveals DJs/performers for Week 2 parties. Originally planned Jun 16 in doc, repositioned to Thu Jun 25. | Repositioned per user instruction to Tue Jul 14 | SENT via Bizzabo (confirmed). Name/audience aligned to Bizzabo.",Medium,"Hi [First Name],

Something shifts during Week 2 of Mindvalley U.

The conversations become deeper. And the nights begin to feel less like events… and more like shared memories unfolding in real time.

Today, we're revealing the artists, performers, and experiences behind the Week 2 parties and socials of Mindvalley U 2026.

Here's what awaits:

🌙 ALT Monday
July 27 | Secret Location

At 10PM your phone buzzes with a secret location. By 11PM, hundreds of you, all in White, arrive at a hidden space somewhere in the city. Music starts, energy builds, and the night becomes something unexpected, social, and alive until 2AM.

Dresscode: Keep your White on from the Block Party.

Your entertainers for the evening:
[ADD ARTIST VISUAL]

🌊 Summer by the Bay — VIP Party
July 30 | Lillepaviljon
(First Class & VIP ticket holders)

An exclusive evening on the water's edge where Nordic coastal calm meets Mediterranean warmth. Golden light, soft breezes, and a tribe of extraordinary people gathered in one of Tallinn's most beautiful waterfront settings.

Dresscode: Coastal Summer Chic

Your entertainers for the evening:
[ADD ARTIST VISUAL]

🌿 Nordic Summer Soirée
August 1 | Estonian Open Air Museum

We close Mindvalley U 2026 with a midsummer-inspired gathering under open skies. Estonian heritage, music, and summer rituals come together for one final unforgettable night, a celebration of everything we've experienced together.

Dresscode: Bohemian Chic

Your entertainers for the evening:
[ADD ARTIST VISUAL]

Start picturing yourself there.

The music. The atmosphere. The people you haven't met yet who may somehow become part of your story.

✨ The full Mindvalley U 2026 Style Guide is waiting for you here:
👉 [Click here to access the Style Guide PDF]

See you in Tallinn,
The Mindvalley U Team",[Copy from MVU 2026 Party customer comms doc — Jun 16 Week 2 Artists Reveal],2026-07-07
68,Pre-Event Engagement,Attendees With No Weeks Selected Reminder,Attendees with no weeks selected,Quick question — when are you joining us at Mindvalley U?,2026-07-14,Tuesday,Recurring,Link,Edit Registration link,"RECURRING (weekly) via Bizzabo. Live — next fire Tue Jul 14, 6PM. Small audience (~66). Auto-targets attendees who haven't answered the ""when are you joining us"" question.",Medium,"Hi Álvaro,

We're getting closer to Mindvalley U — and the excitement is starting to feel very real.

Soon, Tallinn will become home to an extraordinary tribe of students, families, creators, entrepreneurs, teachers, seekers, and beautifully curious humans from all over the world.

There's just one small thing we still need from you.

We noticed you haven't yet answered this question:

When are you planning to join us at Mindvalley U?

This helps our team prepare your experience more smoothly — from community moments and event flow to making sure we know when to expect your lovely face in the room.

So could you take a few seconds to update your information?

👇 Click the button below to update your Mindvalley U details.

When you click the button below, you'll land on your ticket page. Please select ""Edit Registration"", complete the missing field ""When are you joining us?"", and click Save. This will make sure your Mindvalley U registration is fully up to date.

It's quick. It's helpful. And it saves us from making mysterious spreadsheets with question marks next to your name. Nobody wants that. Especially the spreadsheets.

Thank you for helping us make your Mindvalley U experience feel seamless from the moment you arrive.

We can't wait to welcome you.

With love,
The Mindvalley U Team

P.S. The more accurately we know when you're joining us, the better we can support your experience. Tiny update, big difference.",[Recurring weekly reminder — Live status in Bizzabo. Small dynamic audience.],
60,Pre-Event Engagement,Style Guide Reminder,All Valid Ticket Holders,Mindvalley U - You're going to want to read this before you pack 👀,2026-07-15,Wednesday,Cancelled,Link,Style Guide PDF link,"Reminder to review Style Guide before packing. Originally planned Jun 23 in doc, repositioned to Tue Jun 30. | Repositioned to Wed Jul 15 as pre-packing style reminder (5 days before event) | CANCELLED on 2026-07-08: User decision — redundant given Party Guide already sent Jun 16 with #56 and Week 1 Party Calendar Reminder in #18.",Medium,"Hi [First Name],

By now, you've probably realized something about Mindvalley U.

This isn't just a conference.

It's two weeks of connection, transformation, spontaneity… and becoming a little more fully yourself than you've been in a long time.

The days may expand your mind.
But the nights? The nights are where the memories are made.

A conversation at midnight that changes your perspective. A dance floor filled with people who felt like strangers three days earlier. An outfit you almost didn't pack becoming part of a story you'll tell for years.

That's why we created the Mindvalley U 2026 Party & Social Style Guide.

Not as a list of rules. But as an invitation into the worlds we're creating together this summer in Tallinn.

Because each evening has its own energy.

And yes… you're going to want to dress for the occasion.

👉 Explore the full Mindvalley U 2026 Style Guide here: [Insert Link]

Think of this as your backstage pass to the most unforgettable nights of the summer.

Pack boldly. Bring the outfit that feels a little too much. Those are usually the best ones.

See you in Tallinn,
The Mindvalley U Team",[Copy from MVU 2026 Party customer comms doc — Jun 23 Style Guide reminder],2026-07-08
61,Pre-Event Engagement,VIP Party Invitation - Week 1 (Midnight Cabaret),VIP + First-Class Ticket Holders,Your exclusive invitation: Mindvalley U 2026 - Midnight Cabaret ✨,2026-07-15,Wednesday,To Do,Link,Style Guide PDF link,"Exclusive VIP/FC invitation for Midnight Cabaret (Jul 23). Originally planned Jun 30 in doc. | Repositioned to Wed Jul 15 (8 days before Midnight Cabaret on Jul 23) | UPDATED: venue changed from Manna La Roosa to Gloria (Müürivahe 2, Old Town). Added lineup: DJs Two Much + DJ Sammy, Special Performance Niraj Naik.",High,"Dear [First Name],

Some places change your energy the moment you walk in.

The lighting softens. The music pulls you closer. And suddenly the outside world feels very far away.

July 23rd will be one of those nights.

You're invited to Midnight Cabaret — an exclusive evening created for our First Class and VIP Mindvalley U guests.

Hidden inside the heart of Tallinn's Old Town, Gloria transforms into a world of velvet shadows, candlelight, theatrical beauty, and beautifully unexpected encounters.

Part cabaret. Part dreamscape.

This isn't the kind of evening you simply attend.

It's one you disappear into.

Here are the details:

📍 Location: Gloria, Müürivahe 2, Tallinn
📅 Date: Thursday, July 23, 2026
🕘 Time: 9 PM – 1 AM
🎫 Important: Your Mindvalley U VIP or First Class wristband is your only ticket for entry. Please make sure you wear it to access the party.

🏛️ DJs:
Two Much
DJ Sammy

🎤 Special Performance:
Niraj Naik

🚖 Getting There
🚶 Walking
Gloria is located in Tallinn Old Town, easily reachable by foot from most central locations.
🚖 Taxi or Ride-share
Bolt and Uber operate throughout Tallinn. Simply search for ""Gloria"" in your maps app.

🎙️ Dresscode: Cabaret Noir
Rich, expressive tones — black, deep red, emerald, gold, plum. Think velvet, silk, satin, lace, and sequins. Optional masks, veils, gloves, or headpieces for added intrigue.

Somewhere between the whispered conversations, hidden performances, velvet curtains, you may just find the moments you remember most from Tallinn.

✨ Looking for inspiration?
The full Mindvalley U 2026 Style Guide is waiting for you here:
👉 [Click here to access the Style Guide PDF]

See you behind the velvet curtain,
The Mindvalley U Team",[Copy from MVU 2026 Party customer comms doc — Jun 30 VIP Party invite Week 1],2026-07-08
63,Pre-Event Last Mile,Week 1 Parties & Socials Calendar Reminder,All Valid Ticket Holders,Ready to Spark Magic? Week 1 in Tallinn your evening guide awaits ✨,2026-07-16,Thursday,Cancelled,Link,Style Guide PDF link,Final pre-event reminder of Week 1 parties calendar. Originally planned Jul 16 in doc — kept same date (Thu). | CANCELLED on 2026-07-08: MERGED into #18 (Before You Arrive + Week 1 Parties Calendar) to avoid two overlapping broad emails on Thu Jul 16.,High,"Dear [First Name],

There's something that happens at Mindvalley U after sunset.

The schedules loosen. The conversations deepen. And somewhere between the music, the laughter, and the beautifully unexpected moments… strangers stop feeling like strangers.

This is the part of Mindvalley U that's impossible to explain to someone who hasn't experienced it.

Because these aren't just parties.

They're portals into entirely different worlds.

And Week 1 in Tallinn is where it all begins.

Here's what's waiting for you this week:

🔵 Blue Block Party
📅 Monday, July 20, 2026 | 🕖 7 PM – 11 PM | 📍 Rotermanni Quarter
Dresscode: Wear Blue

For one evening, the city becomes our campus. No single venue. No fixed path. Just hundreds of us flowing through five different spaces across one of Tallinn's most vibrant districts — following curiosity, conversation, and connection wherever they lead. Industrial architecture. Summer light. You'll start the night with friends you haven't met yet.

🌙 ALT Monday
📅 Monday, July 20, 2026 | 🕚 11 PM – 2 AM | 📍 Secret — revealed via app at 10 PM
Dresscode: Keep your Blue on

And just when you think the night is winding down… Your phone lights up. At 10 PM, a secret location appears inside the app. By 11 PM, the tribe gathers again somewhere unexpected in the city for a late-night experience designed for the beautifully spontaneous. Keep your notifications on. And trust the adventure.

🎭 Midnight Cabaret
(First Class & VIP ticket holders)
📅 Thursday, July 23, 2026 | 🕘 9 PM – 1 AM | 📍 Manna La Roosa, Vana-Posti tn 8
Dresscode: Cabaret Noir

Behind velvet curtains another world opens. Part performance. Part mystery. This isn't the kind of night you watch unfold from the sidelines. It pulls you in slowly, through whispered conversations, fleeting performances, and moments that blur the line between guest and character. Come dressed for intrigue.

🖤 Black Block Party
📅 Friday, July 24, 2026 | 🕖 7 PM – 11 PM | 📍 Telliskivi Quarter
Dresscode: Wear Black

Tallinn changes character at night. And so do we. This time, we take over Telliskivi — the creative heart of the city, where street art, hidden courtyards, industrial spaces, and late-night conversations collide. The energy here is different. Rawer. Freer. A little more unexpected. Lose track of time in conversation with someone who feels strangely familiar after only ten minutes.

🐇 Marvellous Wonderland
📅 Saturday, July 25, 2026 | 🕝 8:30 PM – 2 AM | 📍 PROTO Invention Factory, Peetri tn 10
Dresscode: Marvellous Wonderland — Alice in Wonderland inspired

This is where the adventure truly begins.

We're taking over an old invention factory and transforming it into a surreal dreamscape inspired by Alice in Wonderland, part fantasy, part spectacle, part beautiful chaos. Expect the unexpected. Curious characters. Hidden surprises. Moments that make you feel like you've stepped outside ordinary life for a while.

✨ The full Style Guide, including outfit inspiration, event aesthetics, and artist reveals, is now waiting for you.
👉 [Click here to explore]

Pack the bold outfit. Say yes to the late-night conversation. Stay out longer than you planned.

See you after dark,
The Mindvalley U Team",[Copy from MVU 2026 Party customer comms doc — Jul 16 Week 1 Calendar reminder],2026-07-09
71,Pre-Event Engagement,VIP → First Class Upgrade (Come Closer),VIP Ticket Holders,There's a smaller room at MVU — we'd like you in it,2026-07-16,Thursday,To Do,Link,First Class upgrade form: https://airtable.com/app9UTVMuHPC8uTbx/pagLsxml19dIOhYjp/form,"Targeted VIP→First Class upsell to existing VIP holders. UPDATED Jul 16 with corrected copy (adapted from first-person singular to team plural voice). New angle: room of max 20 people, Inner Circle sessions, kundalini with Dawn Hoang, tea ceremony, private dinner, concierge, FC lounge, front-row. Upgrade form: https://airtable.com/app9UTVMuHPC8uTbx/pagLsxml19dIOhYjp/form | Jul 16: merged colleague-2 additions into v2 (staccato opening, stays-as-is framing, value-stacking para, walk-into close, front-row sign-off). Subject and scarcity line untouched.",Medium,"Hi [First Name],

You've got your VIP ticket, so you're already in for the whole thing. The talks. The experiences. The parties. The priority seating. The conversations that tend to keep going long after the event ends.

We want to tell you about First Class, because it's one of the most curated experiences within Mindvalley U.

First Class isn't more content. It's a room with a maximum of 15 people instead of hundreds. That's the entire idea, and everything else follows from it. When the room is that size, you're not queuing to say one sentence to a speaker — you're sitting down with them. Conversations get slower. You end up actually knowing the people around you by day three, rather than exchanging handles on the last night and never following up.

Everything in your VIP ticket stays exactly as it is. First Class simply adds a more intimate layer on top:

Inner Circle sessions. Small-group time with the speakers — this is the part people tell us afterward was worth the whole thing. Small-group kundalini activation sessions with Dawn Hoang. A welcome tea ceremony in the middle of Tallinn's old town.

A private dinner with a few selected authors. A table, a handful of people, and the kind of conversation that doesn't happen anywhere else that week.

A personal concierge for the full two weeks. One person who knows your name and handles the logistics so you don't have to think about them.

A private First Class lounge, with experiential elements designed to help you relax. Somewhere to go when you need to step out of the noise and genuinely connect with the other First Class students.

Front-row seating. Reserved, not first-come.

And it's one of the highest-value upgrades available right now — each of these experiences alone (the concierge, the Inner Circle sessions, a private dinner with the authors) is the kind of access people rarely get at an event this size.

We know First Class is for you if the reason you're coming to Tallinn has as much to do with who's in the room as what's on stage.

There's an intentionally small number of spots, to preserve the quality of the experience — and we have the last handful still available.

So this isn't for everyone. But if some part of you senses that Mindvalley U could be more than an event this year — the start of a friendship, a collaboration, an idea, a whole new chapter — this might be the room you were meant to walk into.

If this feels like the right experience for you, here's where to upgrade:
https://airtable.com/app9UTVMuHPC8uTbx/pagLsxml19dIOhYjp/form

See you in the front row,
The Mindvalley U Team

P.S. Sometimes the most important part of an event is not what happens on stage. It's who happens to be sitting beside you.",[New for 2026 — targeted VIP-to-First-Class upsell with scarcity (3 spots).],2026-07-09
70,Pre-Event Engagement,Accelerators Info,All Valid Ticket Holders,5 exclusive Accelerator Sessions are coming to Mindvalley U,2026-07-17,Friday,To Do,Soft,Save-the-dates announcement — no hard CTA (details on timing/locations coming later),"Accelerator Sessions announcement (5 pre/side-event workshops). Access rules: Priestley/Hillyer/Vishen open to ALL ticket purchasers regardless of active dates; Allen/Kwik only for guests with access on those specific days. Send decision pending (""ya se verá si lo mandamos""). Images: comms-assets/accel-*.jpg before each session title. Start times: Priestley 5PM, Allen 11AM, Hillyer 6PM, Kwik 11AM, Vishen 11AM.",Medium,"Hi [First Name],

This year, Mindvalley U begins before the main event officially begins.

Because before we gather for the full experience, you'll have the opportunity to go deeper with five exclusive Accelerator Sessions led by some of Mindvalley's most loved teachers and business minds.

Think of them as a powerful warm-up for your mind, your energy, your business—and possibly your calendar, because there is a lot of brilliance happening before August.

Here's what's coming:

![The Science of Growing Customers — Daniel Priestley, Sat 18-Sun 19 Jul](comms-assets/accel-priestley.jpg)

The Science of Growing Customers with Daniel Priestley
Saturday, July 18 – Sunday, July 19, 2026 · Starts at 5:00 PM

A practical deep dive into how to attract more of the right customers, build demand, and create sustainable business growth.

This session is included for everyone who has purchased a Mindvalley U ticket, whether or not their regular ticket access is active on these dates.

![The Art of Un-Manifesting — Jeffrey Allen, Wed 22 Jul](comms-assets/accel-allen.jpg)

The Art of Un-Manifesting with Jeffrey Allen
Wednesday, July 22, 2026 · Starts at 11:00 AM

Explore how to release the beliefs, energetic patterns, and attachments that may be quietly shaping your reality—and create more space for what truly belongs in your life.

This session is available to guests whose Mindvalley U ticket includes access on July 22.

![The Wealth Code — Regan Hillyer, Sat 25-Sun 26 Jul](comms-assets/accel-hillyer.jpg)

The Wealth Code with Regan Hillyer
Saturday, July 25 – Sunday, July 26, 2026 · Starts at 6:00 PM

Discover the inner beliefs, energetic shifts, and practical principles that can transform the way you create, receive, and relate to wealth.

This session is included for everyone who has purchased a Mindvalley U ticket, whether or not their regular ticket access is active on these dates.

![The Limitless Brain — Jim Kwik, Thu 30 Jul](comms-assets/accel-kwik.jpg)

The Limitless Brain with Jim Kwik
Thursday, July 30, 2026 · Starts at 11:00 AM

Learn how to improve your focus, strengthen your memory, learn faster, and unlock more of your brain's natural potential.

This session is available to guests whose Mindvalley U ticket includes access on July 30.

![Become a World-Class Expert & Authority in Your Niche — Vishen, Sat 1 Aug](comms-assets/accel-vishen.jpg)

Become a World-Class Expert & Authority in Your Niche with Vishen
Saturday, August 1, 2026 · Starts at 11:00 AM

Learn how to clarify your unique expertise, communicate your ideas with authority, and build a personal brand that stands out in an increasingly noisy world.

This session is included for everyone who has purchased a Mindvalley U ticket, whether or not their regular ticket access is active on this date.

So, to make access crystal clear:

The weekend sessions with Daniel Priestley, Regan Hillyer, and Vishen are open to everyone who has purchased a Mindvalley U ticket, even when their regular ticket is not active on those dates.

The weekday sessions with Jeffrey Allen and Jim Kwik are available only to guests whose tickets include access to Mindvalley U on those specific days.

For now, save the dates.

Your Mindvalley U journey is starting a little earlier this year—and that may be where some of your biggest breakthroughs begin.

With love,
The Mindvalley U Team

Sometimes the best part of the journey begins before you thought you had arrived. ✨",[New for 2026 — Accelerator Sessions did not exist as email in 2025. Announces 5 pre/side-event deep-dive workshops with mixed access rules.],2026-07-10
72,Pre-Event Engagement,Awards Gala & Afterparty,All Valid Ticket Holders,"The Awards Gala is back — Friday, July 24",2026-07-18,Saturday,To Do,Link,Afterparty tickets + VIP upgrade form,"FINAL copy from Vishen (first-person voice). Awards Ceremony 6-7:30PM (part of regular agenda, all attendees) + Afterparty 7:30PM-midnight at Cauldron Hall (included VIP/FC, limited tickets for others). Black tie. Pre-header provided but Bizzabo does not support pre-headers: ""Friday, July 24. Black tie. Cauldron Hall until midnight."" Images kept from previous version — positions chosen by Claude, review before send.",High,"Hi [First Name],

I want to tell you about something we've decided to add to Mindvalley U this year, and why we think it might be one of the most special additions to your calendar for the first week.

Last year in Dubai, we hosted the very first Mindvalley Awards Gala Night. Black tie, every author in one room, and a night that turned out to be one of the most memorable things we've ever done. If you've seen the photos, you know what I'm talking about.

![Awards Gala — winners on stage (photo: All Is Amazing)](comms-assets/awards-gala-group.jpg)

We're bringing it back. Friday, July 24th, in Tallinn.

Here's where the idea came from.

We spend the whole year building — programs, events, apps. And we wanted to create a moment where we stop and intentionally celebrate what this community has built together. Not just the authors. The students too. That's what started the Mindvalley Awards.

There are two parts to the night.

First — the Awards Ceremony, 6:00 to 7:30 PM. We gather all the nominees and every author who's with us that week, and we hand out awards for the biggest accomplishments of the year. Speaker of the Year. Most Popular Program of the Year. Community Star Speaker of the Year. Workshop of the Year. Meditation of the Year. And more.

This is part of the regular Mindvalley U agenda. Every MVU attendee is in the room. You're already in.

And here's the part that matters most to me: the awards are based on actual rating data from across our events and our apps. Not a committee. Not my opinion. It's what hundreds of thousands of people said, in the way people rate things when nobody's watching. Some go to authors you already know by name. Some go to people in our community who showed up to their first Mindvalley event exactly the way you are about to show up.

![Awards Gala — acceptance speech (photo: Karen Harms)](comms-assets/awards-gala-mic.jpg)

Then at 7:30, Cauldron Hall changes completely.

Second — the Official Mindvalley U Awards Afterparty, 7:30 until midnight. Same room, entirely different energy. Music, dancing, and the thing that happens when a few hundred people who've spent the week doing hard work finally put it down for a night.

This one is separate from the agenda. It's included if you're VIP or First Class. If you're not, there's a limited number of afterparty tickets:

🪩 Join the afterparty — https://www.mindvalley.com/u/tickets

World-class photographers will be shooting portraits and moments all evening — which is my way of saying: it's black tie, so dress up. You'll want the photos.

If you'd like to be in the room for the rest of it too, you can request a VIP upgrade here:

✨ Request your VIP upgrade — https://airtable.com/app9UTVMuHPC8uTbx/pagLsxml19dIOhYjp/form

See you in Tallinn,
Vishen",[New for 2026 — Awards Gala + Afterparty combined announcement with afterparty ticket upsell and VIP upgrade CTA.],2026-07-11
14,Pre-Event Engagement,VIP Ticket Holders Last Reminders,VIP Ticket Holders,Ready for Week 1? Your VIP recap + everything you need before you arrive ✨,2026-07-19,Sunday,To Do,Link,Party Style Guide link,"Full VIP access breakdown. Tallinn-specific venues. | Repositioned to Mon Jul 13 (was Jul 6, not sent) | Repositioned to Fri Jul 17 per user instruction (⚠️ Friday exception; matched with First Class Experience Details on same day so all tier-specific recaps go out together). | RENAMED to ""VIP Ticket Holders Last Reminders"" and moved to Sat Jul 18 as part of tier-specific Last Reminders wave. ⚠️ Copy needs updating to match ""Last Reminders"" theme (currently has VIP Experience Details / perks recap — should add practicalities + VIP party highlights like #18). | Rescheduled 2026-07-18 → 2026-07-19 (final pre-event reschedule).",High,"Hey [First Name],

The countdown is officially on, and we're so excited to welcome you to your Mindvalley U 2026 VIP experience — a journey designed to elevate every moment of your growth. 💛

Before we dive into your access list, don't forget:
👉 Full details on parties and socials — including dress codes and themes — can be found in the Party Style Guide. We recommend reviewing it so you're ready to celebrate in style.

Here's what's included with your VIP pass:

✅ Full access across all stages and sessions
✅ Fast-track check-in
✅ Priority seating in the main auditoriums
✅ Recordings of Visionary Stage and Insights Stage sessions
✅ Access to the event agenda app
✅ Access to networking app Six
✅ Access to the Welcome Social events
✅ Access to legendary main parties
✅ Access to special invite-only VIP parties
✅ Networking & growth opportunities

We will be sharing last-minute reminders with venue info, registration & agenda timings soon. Please keep an eye on your inbox.

Your next-level adventure starts now. 🚀

With love,
Mindvalley U Team","[Jul 2025 — VIP Experience]
Audience: VIP Ticket Holders
Subject: Your Experience as a VIP ticket holder at Mindvalley U 2025💫
Key content: Full VIP perk breakdown: all stages, fast-track check-in, priority seating, recordings, agenda app, Six app, Welcome Social, main party, VIP-only party, networking. Referenced Party Style Guide. Teased last-minute reminders. Signed by MV U Team.",2026-07-12
15,Pre-Event Engagement,First Class Ticket Holders Last Reminders,First-Class Ticket Holders,Ready for Week 1? Your First Class recap + everything you need before you arrive ✨,2026-07-19,Sunday,To Do,Link,Party Style Guide + Speaker Dinner details,"Full First Class breakdown with speaker dinner details. | Repositioned to Tue Jul 14 (was Jul 6, not sent) | Repositioned to Fri Jul 17 (same day as #14 VIP Experience Details) — tier-specific recaps go out together to each program: Standard, VIP, First Class. | RENAMED to ""First Class Ticket Holders Last Reminders"" and moved to Sat Jul 18 as part of tier-specific Last Reminders wave. ⚠️ Copy needs updating to match ""Last Reminders"" theme (currently has First Class Experience Details with Speaker Dinners info — should add practicalities + party highlights like #18). | Rescheduled 2026-07-18 → 2026-07-19 (final pre-event reschedule).",High,"Hey [First Name],

This summer, you're not just attending Mindvalley U... you're experiencing it First Class. 🌍✨

With your ticket, you have access to every elevated moment we've curated for our community members.

Before we dive into your access list, don't forget:
👉 Full details on parties and socials — including dress codes and themes — can be found in the Party Style Guide. We recommend reviewing it so you're ready to celebrate in style.

Here's what's included with your First Class pass:

✅ Fast-track check-in
✅ First row seating in the main auditoriums
✅ Full access across all stages and sessions
✅ Recordings of Visionary Stage and Insights Stage sessions
✅ Access to the event agenda app
✅ Networking & growth opportunities
✅ Access to Mindvalley networking app: Six
✅ Access to Welcome Social events
✅ Access to the legendary main parties
✅ Special invite-only VIP parties
✅ Private Speaker Dinners with Mindvalley speakers

🍷 First Class Speaker Dinners — Mark Your Calendar!

As a First Class guest, you're warmly invited to the exclusive Speaker Dinners — intimate evenings of connection, insight, and fine food with fellow visionaries and our Mindvalley speakers.

🍽️ [Restaurant TBD]
📅 [Week 1 date TBD]
🕢 7:30 PM – 11:30 PM
📍 [Address in Tallinn]
🌿 Buffet-style dinner and selection of drinks

🍽️ [Restaurant TBD]
📅 [Week 2 date TBD]
🕢 7:30 PM – Midnight
📍 [Address in Tallinn]
🌿 Buffet-style dinner and selection of drinks

We will be sharing last-minute reminders with venue info, registration & agenda timings soon. Please keep an eye on your inbox.

We're honored to have you join this circle of creators, leaders, and change-makers. Let's make it unforgettable.

With love,
Mindvalley U Team","[Aug 2025 — First Class Experience]
Audience: First-Class Ticket Holders
Subject: Your Experience as a First Class Ticket Holder at Mindvalley U 2025 💫
Key content: All VIP perks PLUS: first row seating, private Speaker Dinners. Two dinners listed: Carstens Brasserie (Aug 5) and Satchmo (Aug 12), both in Amsterdam with buffet and drinks. Full access breakdown. Signed by MV U Team.",2026-07-12
18,Pre-Event Last Mile,Standard Ticket Holders Last Reminders,Standard Ticket Holders,Ready for Week 1 in Tallinn? Everything you need before you arrive ✨,2026-07-19,Sunday,To Do,Link,Style Guide + Attendee Guide + Apps,"MERGED with #63 (Week 1 Parties Calendar Reminder) — one comprehensive pre-arrival email covering practicalities + Week 1 party calendar. Sent Thu Jul 16 (4 days before event). | Renamed to Standard Ticket Holders Last Reminders — VIP and First Class will receive their own tier-specific recaps (#14, #15) on same day (Fri Jul 17). This one goes to Standard tier only. | Moved from Thu Jul 16 to Sat Jul 18 to align with tier-specific Last Reminders wave (VIP + First Class same day). | Venue for Midnight Cabaret corrected: Manna La Roosa → Gloria. | Rescheduled 2026-07-18 → 2026-07-19 (final pre-event reschedule).",Critical,"Dear [First Name],

Mindvalley U 2026 in Tallinn is just days away — and we can't wait to welcome you.

Before you pack that second suitcase (yes, you'll need it), here's your final compass for the days ahead.

🛬 Before You Arrive

If you haven't already:

📘 Read your Attendee Guide — venue info, transport, restaurants, and everything you need to feel like a local from day one.
📱 Download the Agenda App — your daily schedule for every talk, workshop, and party.
💬 Join our official WhatsApp community — this is where we share real-time updates and important announcements. Please join before you fly.
✔️ Bring your MVU wristband ID — you'll pick up your physical wristband at registration. It's your key to everything.

🧳 A gentle packing reminder

Tallinn summer is beautiful — warm days, cool evenings. Layers, comfortable walking shoes, and outfits for both learning days and unforgettable nights. Trust us on the second suitcase.

—

🌙 Your Week 1 Parties Calendar

There's something that happens at Mindvalley U after sunset.

The schedules loosen. The conversations deepen. And somewhere between the music, the laughter, and the beautifully unexpected moments… strangers stop feeling like strangers.

This is the part of Mindvalley U that's impossible to explain to someone who hasn't experienced it.

Because these aren't just parties.

They're portals into entirely different worlds.

And Week 1 in Tallinn is where it all begins.

Here's what's waiting for you this week:

🔵 Blue Block Party
📅 Monday, July 20, 2026 | 🕖 7 PM – 11 PM | 📍 Rotermanni Quarter
Dresscode: Wear Blue

For one evening, the city becomes our campus. No single venue. No fixed path. Just hundreds of us flowing through five different spaces across one of Tallinn's most vibrant districts — following curiosity, conversation, and connection wherever they lead. Industrial architecture. Summer light. You'll start the night with friends you haven't met yet.

🌙 ALT Monday
📅 Monday, July 20, 2026 | 🕚 11 PM – 2 AM | 📍 Secret — revealed via app at 10 PM
Dresscode: Keep your Blue on

And just when you think the night is winding down… Your phone lights up. At 10 PM, a secret location appears inside the app. By 11 PM, the tribe gathers again somewhere unexpected in the city for a late-night experience designed for the beautifully spontaneous. Keep your notifications on. And trust the adventure.

🎭 Midnight Cabaret
(First Class & VIP ticket holders)
📅 Thursday, July 23, 2026 | 🕘 9 PM – 1 AM | 📍 Gloria, Müürivahe 2
Dresscode: Cabaret Noir

Behind velvet curtains another world opens. Part performance. Part mystery. This isn't the kind of night you watch unfold from the sidelines. It pulls you in slowly, through whispered conversations, fleeting performances, and moments that blur the line between guest and character. Come dressed for intrigue.

🖤 Black Block Party
📅 Friday, July 24, 2026 | 🕖 7 PM – 11 PM | 📍 Telliskivi Quarter
Dresscode: Wear Black

Tallinn changes character at night. And so do we. This time, we take over Telliskivi — the creative heart of the city, where street art, hidden courtyards, industrial spaces, and late-night conversations collide. The energy here is different. Rawer. Freer. A little more unexpected. Lose track of time in conversation with someone who feels strangely familiar after only ten minutes.

🐇 Marvellous Wonderland
📅 Saturday, July 25, 2026 | 🕝 8:30 PM – 2 AM | 📍 PROTO Invention Factory, Peetri tn 10
Dresscode: Marvellous Wonderland — Alice in Wonderland inspired

This is where the adventure truly begins.

We're taking over an old invention factory and transforming it into a surreal dreamscape inspired by Alice in Wonderland, part fantasy, part spectacle, part beautiful chaos. Expect the unexpected. Curious characters. Hidden surprises. Moments that make you feel like you've stepped outside ordinary life for a while.

✨ The full Style Guide, including outfit inspiration, event aesthetics, and artist reveals, is now waiting for you.
👉 [Click here to explore]

—

Pack the bold outfit. Say yes to the late-night conversation. Stay out longer than you planned.

See you very soon in Tallinn,
The Mindvalley U Team","[Aug 1, 2025 — Last Reminders]
Audience: All Valid Ticket Holders
Subject: Mindvalley U 2025: All You Need To Know Before Arriving 🌍
Key content: Registration (Aug 4 at Beurs van Berlage, 10:30 AM+). Agenda App + Six App links. Navigating Amsterdam (trams, bikes, ferries). Youth Programs (WhatsApp groups for Kids 6-12 & Teens 13-17). Packing list (16-28°C weather). Welcome Social info. Style Guide link. Wristband requirement. Signed by MV University Team.",2026-07-12
19,Pre-Event Last Mile,Week 1 Summary / Day Before,All Valid Ticket Holders,Are You Ready for Week 1 Magic? ✨,2026-07-19,Sunday,Cancelled,Link,Agenda App + Style Guide links,"Day-before email. Registration, speakers, parties, Youth info. | CANCELLED on 2026-07-16: redundant with the 3 tier-specific Last Reminders sent same day (Sun Jul 19).",Critical,"Hey [First Name],

The moment we've all been waiting for is finally here — Week 1 of Mindvalley U 2026 kicks off tomorrow in the heart of Tallinn! 🇪🇪

Here's everything you need to know to start strong:

🛂 Registration — Monday, July 20

📍 [Venue Name], [Address], Tallinn
🕗 Register early from 10:30 AM onwards

Come by to pick up your wristband, welcome materials, and say hi to your fellow attendees! The Welcome Session begins shortly after; please arrive early to complete your registration. Your kids will be welcome to their respective programs starting at 1 PM.

Delicious options will be available at the venue throughout the day — from coffee and snacks to full lunch offerings.
💳 Bring your card for onsite purchases.
🚰 Don't forget your reusable water bottle.

🌟 Welcome Session with Vishen

🕐 Starts at 1:00 PM sharp on Monday, July 20.
Join us as Vishen officially opens this year's journey, setting the tone for the next two weeks of transformation and connection.

🧒 Youth Programs kick off at 1:00 PM only on Monday, July 20. Make sure you drop off your kids at their respective programs shortly before heading to the Welcome Session, and pick them up by 5:05 PM. During the rest of Mindvalley U, Youth Programs will run from 10:00 AM to 12:00 PM and 2:00 PM to 5:00 PM.

🤩 What else is happening at Mindvalley U Week 1?

👏 Amazing speakers will be taking the stage during Week 1, including [Speaker list TBD].

📖 Mindvalley Book Club will be hosting sessions with incredible authors and speakers during lunch breaks.

And of course, there will be parties: the Welcome Social on Monday, the exclusive VIP Party on Thursday, and the Main Party on Saturday.

🎉 Welcome Social — Monday Night

📍 [Venue TBD], Tallinn
🕖 7 PM – 11 PM

We start Mindvalley U with a joyful celebration of our global tribe. Expect music, connection, dancing, and kid-friendly activities.
👗 No dress code — come as you are and be ready to mingle.
🔗 For more info on all social and evening events: Access the 2026 Parties and Socials Style Guide

See you soon in Tallinn — it's going to be unforgettable.

With love,
The Mindvalley U Team

P.S. Don't forget to download the Mindvalley U Agenda app to stay informed about all the sessions. For Community announcements on WhatsApp, join the MVU 2026 channel here: [Link]","[Aug 3, 2025 — Week 1 Summary]
Audience: All Valid Ticket Holders
Subject: Are You Ready for Week 1 Magic? ✨
Key content: Registration (Aug 4 at Beurs van Berlage, 10:30 AM). Welcome Session with Vishen at 1 PM. Youth Programs at 1 PM (WhatsApp groups). Speaker list (Vishen, Nir Eyal, Eric Edmeades, Marie Diamond, Paul McKenna, etc.). Book Club sessions. Parties: Welcome Social (Tolhuistuin), On Cloud 9 VIP (A'DAM Tower), Into the Future (Amaze). Signed by MV U Team.",2026-07-12
20,During Event Week 1,One Talk Workshop (or equivalent bonus),All Valid Ticket Holders,Special Bonus Workshop at Mindvalley U 2026 🎤,2026-07-20,Monday,Cancelled,Link,RSVP link,Bonus workshop. Only send if applicable to 2026 programming. | CANCELLED on 2026-07-08: User decision — was direct copy from 2025 (Eric Edmeades workshop) and does not apply to 2026 programming.,Medium,"Hey [First Name],

What if just one experience could change the trajectory of your career, your brand — or your life?

We're thrilled to announce a special bonus workshop happening during Mindvalley U 2026:

📅 [Dates TBD]
🕓 [Times TBD]
📍 Live in Tallinn + Streamed Globally

👉 RSVP Now by clicking this link: [RSVP Link]

You'll walk away with:
✓ [Key takeaway 1]
✓ [Key takeaway 2]
✓ [Key takeaway 3]
✓ [Key takeaway 4]

To join, simply click on the link above and RSVP.

We can't wait to see you there.

With gratitude,
Mindvalley U Team

P.S. Got a life-changing transformation thanks to Mindvalley? 🎥 We're filming inspiring stories at Mindvalley U — click here to share yours and you could get featured! 💫","[Aug 4, 2025 — One Talk Workshop]
Audience: All Valid Ticket Holders
Subject: Special Bonus Workshop: The One Talk Workshop with Eric Edmeades 🎤
Key content: One Talk Workshop with Eric Edmeades. 3 afternoons (Aug 5-7), 4-8 PM CET. Part of Speaking & Influence Mastery program. Takeaways: complete talk, proven frameworks, real-time coaching, confidence. RSVP link. P.S. linked to transformation story form. Signed by MV U Team.",2026-07-13
21,During Event Week 1,VIP Party Week 1,VIP + First-Class Ticket Holders,You're Invited: [VIP Party Theme TBD] ✨,2026-07-22,Wednesday,Cancelled,Link,Venue details + map link,VIP/FC exclusive party. Tallinn venue TBD. | CANCELLED on 2026-07-08: DUPLICATE — same purpose as #61 VIP Party Invitation - Week 1 (Midnight Cabaret) from party comms doc. Keeping the doc-based one.,High,"Hey [First Name],

You're invited to an unforgettable evening — a First Class and VIP-only celebration designed to honor your journey in true Mindvalley style. ✨

📍 Location: [Venue TBD], Tallinn
📅 Date: Thursday, July 23, 2026
🕘 Time: 9 PM – 1 AM

🚶 How to Get There:
[Transport details TBD — walking directions, taxi info, etc.]

👗 Dress Code:
[Theme and dress code TBD — will match the Style Guide]

🍏 F&B: Drinks and food available for purchase on the spot by card or cash.

Note for parents: VIP parties are designed for adults, and we recommend attendance for guests aged 16+. If younger children do join, venue regulations require that they leave before midnight.

This is your moment to connect deeply, celebrate boldly, and take in the beauty of Tallinn with your tribe.

See you there, dressed to shine,
The Mindvalley U Team

P.S. Don't forget to wear your Mindvalley U wristband to enter. It's the only way to access the party.","[Aug 7, 2025 — VIP On Cloud 9 Party]
Audience: VIP Ticket Holders
Subject: Your Invite to the VIP On Cloud 9 Party at A'DAM Tower 🥂
Key content: VIP party at A'DAM Tower. Aug 7, 9 PM-1 AM. Transport: free F3 ferry from Central Station. Dress code: flowing fabrics, silver/white/pale blue, ethereal. Wristband required for entry. Parents note: 16+ recommended. Signed by MV U Team.",2026-07-15
62,Pre-Event Engagement,VIP Party Invitation - Week 2 (Summer by the Bay),VIP + First-Class Ticket Holders,Your exclusive invitation: Summer by the Bay 🌊,2026-07-22,Wednesday,To Do,Link,Style Guide PDF link,Exclusive VIP/FC invitation for Summer by the Bay (Jul 30). Originally planned Jul 7 in doc — kept same date. | Repositioned to Wed Jul 22 during Week 1 (8 days before Summer by the Bay on Jul 30),High,"Dear [First Name],

Some nights aren't meant to be rushed.

They unfold slowly. Conversation by conversation. Song by song. Sunset into twilight into something unforgettable.

July 30th will be one of those nights.

You're invited to Summer by the Bay — an exclusive evening created for our First Class and VIP Mindvalley U guests.

For one night, we gather at the water's edge, surrounded by soft Nordic summer light, sea air, music, and a tribe that by now no longer feels like strangers.

Think coastal elegance with a touch of Mediterranean warmth. Long conversations that somehow stretch late into the Estonian night.

Because in Tallinn, even the sunsets linger.

Here are the details:

📍 Location: Lillepaviljon, Pirita tee 26, Tallinn
📅 Date: Thursday, July 30, 2026
🕘 Time: 9 PM – 1 AM
🎫 Important: Your Mindvalley U VIP or First Class wristband is your only ticket for entry. Please make sure you wear it to access the party.
🏛️ DJs: TBA
🎤 Special Performance: TBA

🚖 Getting There
🚌 By Bus
🚌 Bus 5 from Freedom Square → stop Lillepaviljon
🚌 Bus 8 from Balti Jaam → stop Lillepaviljon
🚌 Bus 1 from Viru Center → stop Lillepaviljon
🚖 Taxi or Ride-share
Bolt and Uber operate throughout Tallinn. Simply search for ""Lillepaviljon"" in your maps app.

👗 Dresscode: Coastal Summer Chic, flowing fabrics, linen, silk. Soft whites, sandy neutrals, navy, floral. Think effortless summer elegance by the sea.

Imagine a room where every person looks like they've just stepped off a sun-drenched Mediterranean terrace.

✨ Looking for inspiration?
The full Mindvalley U 2026 Style Guide is waiting for you here:
👉 [Click here to access the Style Guide PDF]

See you by the water,
The Mindvalley U Team

P.S. Don't forget to wear your Mindvalley U wristband — it's your only key to enter the event. 🤍",[Copy from MVU 2026 Party customer comms doc — Jul 7 VIP Party invite Week 2],2026-07-15
22,During Event Week 1,Main Party Week 1,All Valid Ticket Holders,[Main Party Theme TBD] — Tonight We Go Big 🚀,2026-07-24,Friday,To Do,Link,Venue details + map link,Main party of Week 1. Tallinn venue TBD.,High,"Hi [First Name],

This Saturday, July 25th, we're taking you somewhere extraordinary...

[Party Name TBD] is not just a party — it's an experience.

From the moment you step in, you'll be surrounded by [description TBD based on theme and venue]. Bold. Electric. Unforgettable.

📍 Location: [Venue TBD], Tallinn
🕗 Time: 8:30 PM – 2:00 AM

✨ For Families: Kids will have a dedicated space with activities so younger guests can enjoy their own magic.
🍽 Food & Drinks: Bring card or cash for purchases. Dinner options will be available.
🎟 Tickets: Included with your Mindvalley U pass. Just wear your wristband for seamless entry.

This isn't just a Saturday night out. This is [Party Name].
See you on the dance floor.

With excitement,
The Mindvalley U Team","[Aug 9, 2025 — Amaze Party / Into the Future]
Audience: VIP Ticket Holders (separate version for all)
Subject: 🚀Step Into the Future Tonight
Key content: Into the Future party at Amaze venue. Aug 9, 8:30 PM-2 AM. LED tunnel, immersive space. Kids dedicated area. F&B by card/cash. Wristband entry. Signed by MV U Team.",2026-07-17
23,During Event Week 1,Feedback Week 1,All Valid Ticket Holders,Share Your Feedback About Week 1 & Win a Ticket for MVU 2027 🌟,2026-07-25,Saturday,To Do,Link,Feedback survey link,Collect Week 1 feedback. Prize: 2 x MVU 2027 tickets.,High,"Hi [First Name],

Your voice matters — and we'd love to hear it.

We're gathering feedback on your experience about Week 1 at Mindvalley U 2026 to make next year even more extraordinary.

✨ As a thank you, everyone who submits their feedback about Week 1 will be entered into a draw to select two winners for Mindvalley U 2027.

📌 Important: If you choose to remain anonymous, you are welcome to share your feedback — but please note that anonymous entries cannot participate in the draw, as we'll have no way to contact you.

📝 Share your feedback here: [Survey Link]

Your insights will help us shape the magic of next year's event. Thank you for co-creating this journey with us.

With gratitude,
The Mindvalley U Team","[Aug 11, 2025 — Feedback Week 1]
Audience: All Valid Ticket Holders
Subject: Share Your Feedback About Week 1 & Win a Ticket for Mindvalley U 2026 🌟
Key content: Week 1 feedback collection. Prize: 2 x MVU 2026 tickets. Anonymous entries can't participate in draw. Survey link. Signed by MV U Team.",2026-07-18
24,During Event Week 2,Welcome to Week 2,All Valid Ticket Holders,Welcome to Week 2 — The Journey Continues ✨,2026-07-26,Sunday,To Do,Link,Agenda App + Style Guide links,"Week 2 overview: registration, speakers, parties, Youth updates.",High,"Dear [First Name],

Welcome to Week 2 of Mindvalley U 2026 in Tallinn — where the magic keeps unfolding. Whether you've been with us since Day 1 or are just joining now, this week promises powerful learning, deep connection, and nights you'll never forget.

Here's a glimpse of what's ahead:

🎟️ Registration: On Monday, July 27, registration opens at 8:30 AM. From Tuesday onward, it will start at 9:00 AM daily. Content sessions begin promptly at 10:00 AM each day — so arrive early and settle in for an inspiring start.

🧒 Youth Programs start daily at 10:00 AM.
Join us for Parent Orientation on Monday, July 27.
Stay tuned for important updates — all announcements will be shared in the dedicated Youth WhatsApp Groups.

➡️ Kids Program (6-12 years old) Parents WhatsApp Group: [Link]
➡️ Teens Program (13-17 years old) Parents WhatsApp Group: [Link]

🎤 Inspiring Talks & Workshops (Check your Mindvalley U Agenda App for full details)

[Speaker list TBD for Week 2]

About Session Feedback: In addition to the session ratings, we would love to hear your overall feedback about your experience so far. Please take a moment to share your thoughts with us here: [Link]

🎉 Unforgettable Evenings (Check your Style Guide for dress codes)

🌇 Monday, July 27 — Welcome Social
[Venue TBD], 7 PM – 11 PM
Ease into the week with fresh faces and familiar friends.

🌿 Thursday, July 30 — [VIP Party Theme TBD] (VIP & First Class)
[Venue TBD], 9 PM – 1 AM
An exclusive evening of elegance and connection.

💃 Saturday, August 1 — [Closing Party Theme TBD]
[Venue TBD], 8:30 PM – 2 AM
The grand finale. A glittering celebration to close our journey together.

Let's make Week 2 unforgettable.

Warmly,
The Mindvalley U Team","[Aug 9, 2025 — Welcome to Week 2]
Audience: All Valid Ticket Holders
Subject: Welcome to Week 2 — The Journey Continues ✨
Key content: Week 2 overview. Registration (Aug 11, 8:30 AM). Youth Programs + WhatsApp groups. Speaker highlights (Emanuela Deyanova, Ronan Diego, Alyssa Nobriga, Kwame Christian, Regan Hillyer, Billy Carson, Noelle Russell, Dorie Clark, Daniel Priestley, Prince EA). Evening events: Welcome Social (Tolhuistuin), Summer by the Park (VIP, Vondelpark), Roaring 1920s Closing (Het Sieraad). Signed by MV U Team.",2026-07-19
64,During Event Week 2,Week 2 Parties & Socials Calendar Reminder,All Valid Ticket Holders,Week 2 Evenings to Remember at Mindvalley U 🌙,2026-07-27,Monday,To Do,Link,Style Guide PDF link,Week 2 parties reminder. Originally planned Jul 26 (Sun) in doc — moved to Mon Jul 27 (no weekend rule).,High,"Dear [First Name],

Week 2 of Mindvalley U 2026 is about to begin in Tallinn.

And something about this week feels alive in a different way.

New arrivals are stepping into the experience for the first time. Others are returning after Week 1 with a slightly different sense of what this place can be.

Either way, the nights ahead are designed for the same thing:

To connect you. To move you. And to leave you with memories that don't quite fit into words later.

Here's what's waiting for you this week:

🤍 White Block Party
📅 Monday, July 27, 2026 | 🕖 7 PM – 11 PM | 📍 Rotermanni Quarter
Dresscode: Wear White

Rotermanni becomes the starting point of the week, a district where old industrial architecture meets a very different kind of summer energy. Conversations that begin in passing, then somehow continue longer than expected. No fixed path. No single venue. Just a city opening itself up for the evening, one space at a time.

🌙 ALT Monday
📅 Monday, July 27, 2026 | 🕚 11 PM – 2 AM | 📍 Secret — revealed via app at 10 PM
Dresscode: Keep your White on

And just when you think the night is winding down… Your phone lights up. At 10 PM, a secret location appears inside the app. By 11 PM, the tribe gathers again somewhere unexpected in the city for a late-night experience designed for the beautifully spontaneous. Keep your notifications on. And trust the adventure.

🌊 Summer by the Bay
(First Class & VIP ticket holders)
📅 Thursday, July 30, 2026 | 🕘 9 PM – 1 AM | 📍 Lillepaviljon, Pirita tee 26
Dresscode: Coastal Summer Chic

An evening by the water where the city softens. Light reflects off the bay. Air moves gently through open space. Music and conversation settle into an easier rhythm. A moment of stillness inside a very full summer. An exclusive summer evening where Nordic coastal calm meets Mediterranean warmth.

🇪🇪 Estonia Block Party
📅 Friday, July 31, 2026 | 🕖 7 PM – 11 PM | 📍 Telliskivi Quarter
Dresscode: Wear Blue, Black, or White — or all three

One more night in Telliskivi. A shared celebration across the district — shaped by colour, movement, and presence. Blue. Black. White. Simple, symbolic, and alive in the city streets.

🌿 Nordic Summer Soirée
📅 Saturday, August 1, 2026 | 🕝 8:30 PM – 2 AM | 📍 Estonian Open Air Museum, Vabaõhumuuseumi tee 12
Dresscode: Bohemian Chic

The final night takes place at the Estonian Open Air Museum. A landscape of wooden homes, open spaces, and the kind of Nordic summer light that refuses to leave too early. As evening deepens, the space becomes a shared gathering, shaped by music, firelight tones, and conversation that doesn't feel in a hurry to end. A closing moment that settles rather than concludes.

✨ Still looking for outfit inspiration or curious about the artists performing at each event? Everything you need is inside the full Mindvalley U 2026 Style Guide:
👉 [Click here to explore]

See you in Tallinn, ready to make this week the most unforgettable of all.

See you there, dressed to shine,
The Mindvalley U Team","[Copy from MVU 2026 Party customer comms doc — Jul 26 Week 2 Calendar reminder, moved from Sun to Mon]",2026-07-20
25,During Event Week 2,VIP Party Week 2,VIP + First-Class Ticket Holders,You're Invited: [Week 2 VIP Party Theme TBD] ✨,2026-07-29,Wednesday,Cancelled,Link,Venue details + map link,Week 2 VIP/FC exclusive party. | CANCELLED on 2026-07-08: DUPLICATE — same purpose as #62 VIP Party Invitation - Week 2 (Summer by the Bay) from party comms doc. Keeping the doc-based one.,High,"Dear [First Name],

You're invited to one of the most enchanting evenings of Mindvalley U 2026:

🌟 [Party Theme TBD]

📍 Location: [Venue TBD], Tallinn
🗓 Date: Thursday, July 30th
🕘 Time: 9 PM – 1 AM
🍏 F&B: Drinks and food available for purchase on the spot by card or cash.

[Venue description TBD — atmosphere, what makes it special]

Music will be in charge of these incredible artists:
[DJ/Artist lineup TBD]

And the dress code?
[Dress code TBD — aligned with party theme and Style Guide]

Note for parents: VIP parties are designed for adults, and we recommend attendance for guests aged 16+. If younger children do join, venue regulations require that they leave before midnight.

This is a celebration of presence, connection, and the beauty of a Baltic summer night well-lived. ✨

We can't wait to share this magic with you.

With love,
Mindvalley U Team

P.S. Do you have a powerful transformation story from Mindvalley? Share it with us here — your journey might inspire someone else's future.","[Aug 14, 2025 — VIP Summer By The Park]
Audience: VIP + First-Class Ticket Holders
Subject: You're Invited: A Summer Night in the Heart of Vondelpark ✨
Key content: Summer by the Park at Park Zuid, Vondelpark. Aug 14, 9 PM-1 AM. Dress code: summer elegance, flowing fabrics, soft pastels, wide-brimmed hats. 16+ recommended. F&B by card/cash. Transformation story link in P.S. Signed by MV U Team.",2026-07-22
26,During Event Week 2,Feedback Week 2,All Valid Ticket Holders,Share Your Feedback About Week 2 & Win a Ticket for MVU 2027 🌟,2026-08-01,Saturday,To Do,Link,Feedback survey link,Collect Week 2 feedback. Prize: 2 x MVU 2027 tickets.,High,"Hi [First Name],

Your voice matters — and we'd love to hear it.

We're gathering feedback on your experience of Week 2 at Mindvalley U 2026 to help us make next year's event even more extraordinary.

✨ As a thank you, everyone who submits their feedback about Week 2 will be entered into a draw to select two winners for Mindvalley U 2027.

📌 Important: If you choose to remain anonymous, you are welcome to share your feedback — but please note that anonymous entries cannot participate in the draw, as we'll have no way to contact you.

📝 Share your feedback here: [Survey Link]

Your insights will help us shape the magic of next year's event.

Thank you for co-creating this journey with us.

With gratitude,
The Mindvalley U Team","[Aug 16, 2025 — Feedback Week 2]
Audience: All Valid Ticket Holders
Subject: Share Your Feedback About Week 2 & Win a Ticket for Mindvalley U 2026 🌟
Key content: Week 2 feedback collection. Prize: 2 x MVU 2026 tickets. Anonymous entries can't enter draw. Survey link. Signed by MV U Team.",2026-07-25
27,During Event Week 2,Closing Party,All Valid Ticket Holders,Tonight: The Grand Finale — [Closing Party Theme TBD] 🎷,2026-08-01,Saturday,To Do,Link,Venue details + map link,Closing party. Biggest party of the event.,High,"Hi [First Name],

Tonight is the night.

The grand finale of Mindvalley U 2026 — and we're going all in.

🎷 [Closing Party Theme TBD]

📍 Location: [Venue TBD], Tallinn
🕗 Time: 8:30 PM – 2:00 AM

[Theme description TBD — atmosphere, energy, what to expect]

With live sets by [DJ/Artist lineup TBD], expect a high-vibe fusion of music, movement, and pure presence.

👗 Dress code: [Aligned with party theme — details in Style Guide]

✨ For Families: Kids will have a dedicated space and activities so younger guests can enjoy their own magic.
🍽 Food & Drinks: Bring card or cash for purchases.
🎟 Just wear your wristband for entry.

This isn't just a party — it's THE night. Electric. Elevated. Unforgettable.

See you on the dance floor.

With love,
The Mindvalley U Team","[No separate closing party email in 2025 — closing party info was included in Welcome to Week 2 email]
The Roaring 1920s closing party at Het Sieraad, Aug 16, 8:30 PM-2 AM. Gatsby theme: sequins, feathers, tuxedos. DJs: Vic Halley, Tristan Gorski, Niraj Naik, Laura Poldvere.",2026-07-25
28,Post Event,Photos (Regular Ticket Holders),All Valid Ticket Holders (except VIP),Relive the Magic: Your Mindvalley U 2026 Photos Are Here 📸,2026-08-08,Saturday,To Do,Link,Photo album links,Share photo galleries. Privacy reminder about children.,High,"Hey [First Name],

What an unforgettable summer we've just shared at Mindvalley U 2026. 💛

From powerful sessions to deep connections and those magical nights under the Baltic sky — every moment is now part of our shared story. And the best part? You can revisit it anytime.

📸 Mindvalley U 2026 Photo Albums

👉 Week 1 MVU Photo Album: [Link]
👉 Week 2 MVU Photo Album: [Link]

A special shoutout goes to our exceptional team of photographers: [Photographer names TBD].

Don't forget to use the hashtag #MVU and tag @mindvalley when posting your photos.

Find yourself, your friends, and your favorite memories — and share the joy with your tribe.

⚠️ Please only share photos that include you, and kindly avoid sharing images of others, especially children, to respect everyone's privacy.

These photos are more than snapshots; they're reminders of the breakthroughs, the laughter, the hugs, and the energy we co-created together.

Here's to keeping that spirit alive until we meet again. ✨

With love,
The Mindvalley U Team","[Aug 22, 2025 — Event Photos Regular]
Audience: All Valid Ticket Holders (except VIP)
Subject: 📸 Relive the Magic: Your Mindvalley U 2025 Photos Are Here
Key content: Photo album links for Week 1 and Week 2. VIP party album links included. Photographer credits. Hashtag #MVU + @mindvalley tag. Privacy reminder re: children's photos. Signed by MV U Team.",2026-08-01
29,Post Event,Photos (VIP version),VIP Ticket Holders,Relive Your VIP Experience With The Official Event Photos 🤩,2026-08-08,Saturday,To Do,Link,Photo album links (including VIP party albums),VIP-specific photo email with VIP party albums. Mention recordings coming.,High,"Dear [First Name],

What an unforgettable summer we've just shared at Mindvalley U 2026. 💛

From powerful sessions to deep connections and those magical nights under the Baltic sky — every moment is now part of our shared story. And the best part? You can revisit it anytime.

📸 Mindvalley U 2026 Photo Albums

👉 Week 1 MVU Photo Album: [Link]
👉 Week 2 MVU Photo Album: [Link]

📸 VIP Ticket Holders Photo Albums

👉 Week 1 VIP Party [Theme]: [Link]
👉 Week 2 VIP Party [Theme]: [Link]

A special shoutout goes to our exceptional team of photographers: [Photographer names TBD].

Don't forget to use the hashtag #MVU and tag @mindvalley when posting your photos.
Find yourself, your friends, and your favorite memories — and share the joy with your tribe.

These photos are more than snapshots; they're reminders of the breakthroughs, the laughter, the hugs, and the energy we co-created together.

Here's to keeping that spirit alive until we meet again. ✨

With love,
The Mindvalley U Team

P.S. For VIP and First-Class Ticket Holders Only: All session recordings will be shared with you by email once the editing and uploading process is complete. This may take a few weeks — but rest assured, you'll be the first to know the moment they're ready.","[Aug 22, 2025 — VIP Event Photos]
Audience: VIP Ticket Holders
Subject: Relive Your VIP Experience With The Official Event Photos 🤩
Key content: Same as regular but with VIP party albums (On Cloud 9 Week 1, Summer By The Park Week 2). P.S. about session recordings being shared later (VIP + FC perk). Signed by MV U Team.",2026-08-01
30,Post Event,Feedback Reminder / Final Call,All Valid Ticket Holders,Final Call: Share Your Mindvalley U Feedback (Deadline Aug 11) ✨,2026-08-09,Sunday,To Do,Link,Week 1 + Week 2 survey links,Final push for feedback. Deadline ~3 days later.,Medium,"Dear [First Name],

Your voice helps shape the future of Mindvalley U. 🌍

If you haven't already, we'd love to hear about your experience this year. Your reflections help us create even more impactful sessions, connections, and magical moments for years to come.

👉 If you joined Week 1, please fill out your survey here: [Link]
👉 If you joined Week 2, please fill out your survey here: [Link]
👉 If you joined both weeks, please complete both surveys.

📌 Note: Ratings for individual speaker sessions should be left directly in the Mindvalley Agenda App under ""My Calendar.""

💛 Deadline: August 11th
🎁 As a thank you, everyone who submits feedback will be entered into a draw to select four winners for Mindvalley U 2027. (If you choose to remain anonymous, your feedback will still count, but you won't be eligible for the draw.)

Thank you for helping us co-create this journey — we look forward to hearing your thoughts.

With gratitude,
The Mindvalley U Team","[Aug 23, 2025 — Feedback Reminder]
Audience: All Valid Ticket Holders
Subject: ✨ Final Call: Share Your Mindvalley U Feedback (Deadline Aug 25)
Key content: Final feedback push. Separate links for Week 1 and Week 2 surveys (complete both if attended both). Session ratings in Agenda App. Deadline Aug 25. Prize: 4 x MVU 2026 tickets. Anonymous can submit but can't enter draw. Signed by MV U Team.",2026-08-02
31,Post Event,VIP Customer Interviews,VIP Ticket Holders,Got 20 Minutes? We'd Love to Chat 💬,2026-09-28,Monday,To Do,Link,Booking links by timezone / form,Schedule 20-min interviews with VIP holders.,Medium,"Hey [First Name],

We're still glowing from the energy of our time together at Mindvalley U in Tallinn... and if you're reading this, you're one of our cherished VIPs who we'd like to hear from.

We're currently doing something a little special. Between October 5-16, we're inviting a select few VIP ticket holders to have a personal 20-minute interview with our team.

🎯 Why are we doing this?

Because at Mindvalley, we don't just listen to our VIPs — we build around them.

Your feedback doesn't go into a spreadsheet. It shapes the future of how we design, elevate, and deliver world-class experiences at our events.

You've seen what Mindvalley can create... now imagine helping us make it even better.

If you're based in:
🌎 US or EU — Book your call with [Name] directly on this link: [Link]
🌏 Asia or UAE — Book your call with [Name] directly on this link: [Link]
🌍 Somewhere else in the world or unsure? 👉 Just fill out this quick form and we'll take care of the rest: [Link]

We'll coordinate the call at a time that works for both you and us.

And hey — we promise this won't feel like ""feedback."" It'll feel more like a meaningful chat over coffee (minus the caffeine jitters).

Thank you for being such a vital part of our movement. We can't wait to connect with you soon. 💛

With love,
The Mindvalley Events Team","[Oct 13, 2025 — VIP Customer Interviews]
Audience: VIP Ticket Holders
Subject: Got 20 Minutes? We'd Love to Chat 💬
Key content: Invited VIP holders to 20-min interviews (Oct 15-24). Two booking links by region (US/EU with Anastasia, Asia/UAE with Ramya). Fallback form for other regions. Positioned as shaping future experiences, not just feedback. Casual tone ('chat over coffee'). Signed by MV Events Team.",2026-09-21
32,Pre-Event Engagement,Supercoach Volunteers (if applicable),Waitlisted Volunteer Database,MVU Volunteer Team Is Full — But Another Opportunity Awaits 💫,TBD,TBD,To Do,Link,Reply to express interest,Only send if Supercoach or similar event runs alongside MVU 2026.,Low,"Hey [First Name],

Thank you so much for your enthusiasm to volunteer at Mindvalley University 2026 — we've been truly touched by the amazing response.

Our MVU volunteer team is now complete, and while we weren't able to offer you a spot for Tallinn, we'd love to invite you to something just as powerful.

🌟 [Event Name TBD]
📍 Happening in Tallinn
📅 [Dates TBD] (during MVU!)

We're currently building a dream team of volunteers for this transformational event.

If you're still excited to be part of something truly meaningful this summer — and you'll be in Tallinn — we'd be thrilled to have you join us.

👉 Interested? Just hit reply and let us know by [deadline TBD].

Thank you again for being such a valued part of our community. And who knows? The waitlist has a funny way of opening up sometimes... 😉

With appreciation,
[Volunteer Coordinator Name]
Mindvalley University Volunteer Coordinator

P.S. Whether it's at MVU or another event in the future — thank you for raising your hand to serve. We see you. 💛","[May 21, 2025 — Supercoach Volunteer Open Call]
Audience: Waitlisted Volunteer Database
Subject: Mindvalley University Team Is Full – But Another Opportunity Awaits 💫
Key content: MVU volunteer team full. Redirected to Supercoach Summit 2025 (Amsterdam, Aug 9-10). Asked for reply by Jun 1. Encouraging tone. Signed by Silvia Teras, Volunteer Coordinator.",TBD
33,Pre-Event Engagement,Eventex Voting (if applicable),Six App Networks + Volunteer Groups + Social,Eventex Voting Is Open — Support Mindvalley! 🎉,TBD,TBD,To Do,Link,Voting link,Only if Mindvalley is nominated in 2026. Social/community push.,Low,"Exciting news! The public voting for Eventex People's Choice Awards 2026 is now open! 🎉

Mindvalley has been nominated, and we'd love to have your support.

Cast your vote and help us celebrate the work we do in crafting transformative experiences!

👉 Vote now: [Voting Link]
🗳️ Public voting closes on [Deadline TBD].

Let's spread the word! 🚀

#EventexAwards #Mindvalley #VoteForUs","[Mar 20, 2025 — Eventex]
Audience: Six App Networks, Active Volunteer WhatsApp groups, Facebook
Subject: Eventex voting is open
Key content: Eventex People's Choice Awards 2025 nomination. Voting link. Deadline Apr 8. Also had internal version for MV Team asking them to vote and share. Social/community post format.",TBD
